,age,workclass,fnlwgt,education,education_number,marriage,occupation,relationship,race,sex,capital_gain,apital_loss,hours_per_week,native_country,收入
0,39,5,77516,9,13,4,0,1,4,1,2174,0,40,38,0
1,50,4,83311,9,13,2,3,0,4,1,0,0,13,38,0
2,38,2,215646,11,9,0,5,1,4,1,0,0,40,38,0
3,53,2,234721,1,7,2,5,0,2,1,0,0,40,38,0
4,28,2,338409,9,13,2,9,5,2,0,0,0,40,4,0
5,37,2,284582,12,14,2,3,5,4,0,0,0,40,38,0
6,49,2,160187,6,5,3,7,1,2,0,0,0,16,22,0
7,52,4,209642,11,9,2,3,0,4,1,0,0,45,38,1
8,31,2,45781,12,14,4,9,1,4,0,14084,0,50,38,1
9,42,2,159449,9,13,2,3,0,4,1,5178,0,40,38,1
10,37,2,280464,15,10,2,3,0,2,1,0,0,80,38,1
11,30,5,141297,9,13,2,9,0,1,1,0,0,40,18,1
12,23,2,122272,9,13,4,0,3,4,0,0,0,30,38,0
13,32,2,205019,7,12,4,11,1,2,1,0,0,50,38,0
14,34,2,245487,5,4,2,13,0,0,1,0,0,45,25,0
15,25,4,176756,11,9,4,4,3,4,1,0,0,35,38,0
16,32,2,186824,11,9,4,6,4,4,1,0,0,40,38,0
17,38,2,28887,1,7,2,11,0,4,1,0,0,50,38,0
18,43,4,292175,12,14,0,3,4,4,0,0,0,45,38,1
19,40,2,193524,10,16,2,9,0,4,1,0,0,60,38,1
20,54,2,302146,11,9,5,7,4,2,0,0,0,20,38,0
21,35,0,76845,6,5,2,4,0,2,1,0,0,40,38,0
22,43,2,117037,1,7,2,13,0,4,1,0,2042,40,38,0
23,59,2,109015,11,9,0,12,4,4,0,0,0,40,38,0
24,56,1,216851,9,13,2,12,0,4,1,0,0,40,38,1
25,19,2,168294,11,9,4,2,3,4,1,0,0,40,38,0
26,39,2,367260,11,9,0,3,1,4,1,0,0,80,38,0
27,49,2,193366,11,9,2,2,0,4,1,0,0,40,38,0
28,23,1,190709,7,12,4,10,1,4,1,0,0,52,38,0
29,20,2,266015,15,10,4,11,3,2,1,0,0,44,38,0
30,45,2,386940,9,13,0,3,3,4,1,0,1408,40,38,0
31,30,0,59951,15,10,2,0,3,4,1,0,0,40,38,0
32,22,5,311512,15,10,2,7,0,2,1,0,0,15,38,0
33,48,2,242406,1,7,4,6,4,4,1,0,0,40,32,0
34,21,2,197200,15,10,4,6,3,4,1,0,0,40,38,0
35,19,2,544091,11,9,1,0,5,4,0,0,0,25,38,0
36,48,4,265477,7,12,2,9,0,4,1,0,0,40,38,0
37,31,2,507875,6,5,2,6,0,4,1,0,0,43,38,0
38,53,4,88506,9,13,2,9,0,4,1,0,0,40,38,0
39,24,2,172987,9,13,2,12,0,4,1,0,0,50,38,0
40,49,2,94638,11,9,5,0,4,4,0,0,0,40,38,0
41,25,2,289980,11,9,4,5,1,4,1,0,0,35,38,0
42,57,0,337895,9,13,2,9,0,2,1,0,0,40,38,1
43,53,2,144361,11,9,2,6,0,4,1,0,0,38,38,0
44,44,2,128354,12,14,0,3,4,4,0,0,0,40,38,0
45,41,5,101603,8,11,2,2,0,4,1,0,0,40,38,0
46,29,2,271466,8,11,4,9,1,4,1,0,0,43,38,0
47,25,2,32275,15,10,2,3,5,3,0,0,0,40,38,0
48,47,2,51835,14,15,2,9,5,4,0,0,1902,60,15,1
49,50,0,251585,9,13,0,3,1,4,1,0,0,55,38,1
50,47,3,109832,11,9,0,3,1,4,1,0,0,60,38,0
51,43,2,237993,15,10,2,12,0,4,1,0,0,40,38,1
52,46,2,216666,4,3,2,6,0,4,1,0,0,40,25,0
53,35,2,56352,8,11,2,7,0,4,1,0,0,40,32,0
54,41,2,147372,11,9,2,0,0,4,1,0,0,48,38,0
55,30,2,188146,11,9,2,6,0,4,1,5013,0,40,38,0
56,30,2,59496,9,13,2,11,0,4,1,2407,0,40,38,0
57,48,2,149640,11,9,2,13,0,4,1,0,0,40,38,0
58,42,2,116632,10,16,2,9,0,4,1,0,0,45,38,1
59,29,2,105598,15,10,0,12,1,4,1,0,0,58,38,0
60,36,2,155537,11,9,2,2,0,4,1,0,0,40,38,0
61,28,2,183175,15,10,0,0,1,4,0,0,0,40,38,0
62,53,2,169846,11,9,2,0,5,4,0,0,0,40,38,1
63,49,3,191681,15,10,2,3,0,4,1,0,0,50,38,1
64,19,2,101509,15,10,4,9,3,4,1,0,0,32,38,0
65,31,2,309974,9,13,5,11,3,2,0,0,0,40,38,0
66,29,4,162298,9,13,2,11,0,4,1,0,0,70,38,1
67,23,2,211678,15,10,4,6,1,4,1,0,0,40,38,0
68,79,2,124744,15,10,2,9,2,4,1,0,0,20,38,0
69,27,2,213921,11,9,4,7,3,4,1,0,0,40,25,0
70,40,2,32214,7,12,2,0,0,4,1,0,0,40,38,0
71,18,2,309634,1,7,4,7,3,4,0,0,0,22,38,0
72,31,1,125927,5,4,2,4,0,4,1,0,0,40,38,0
73,18,2,446839,11,9,4,11,1,4,1,0,0,30,38,0
74,52,2,276515,9,13,2,7,0,4,1,0,0,40,4,0
75,46,2,51618,11,9,2,7,5,4,0,0,0,40,38,0
76,59,2,159937,11,9,2,11,0,4,1,0,0,48,38,0
77,44,2,343591,11,9,0,2,1,4,0,14344,0,40,38,1
78,53,2,346253,11,9,0,11,3,4,0,0,0,35,38,0
79,49,1,268234,11,9,2,10,0,4,1,0,0,40,38,1
80,33,2,202051,12,14,2,9,0,4,1,0,0,50,38,0
81,30,2,54334,6,5,4,11,1,4,1,0,0,40,38,0
82,43,0,410867,10,16,4,9,1,4,0,0,0,50,38,1
83,57,2,249977,8,11,2,9,0,4,1,0,0,40,38,0
84,37,2,286730,15,10,0,2,4,4,0,0,0,40,38,0
85,28,2,212563,15,10,0,6,4,2,0,0,0,25,38,0
86,34,1,226296,9,13,2,10,0,4,1,0,0,40,38,1
87,29,1,115585,15,10,4,5,1,4,1,0,0,50,38,0
88,48,4,191277,10,16,2,9,0,4,1,0,1902,60,38,1
89,37,2,202683,15,10,2,11,0,4,1,0,0,48,38,1
90,48,2,171095,7,12,0,3,4,4,0,0,0,40,8,0
91,32,0,249409,11,9,4,7,3,2,1,0,0,40,38,0
92,76,2,124191,12,14,2,3,0,4,1,0,0,40,38,1
93,44,2,198282,9,13,2,3,0,4,1,15024,0,60,38,1
94,47,4,149116,12,14,4,9,1,4,0,0,0,50,38,0
95,20,2,188300,15,10,4,12,3,4,0,0,0,40,38,0
96,29,2,103432,11,9,4,2,1,4,1,0,0,40,38,0
97,32,3,317660,11,9,2,2,0,4,1,7688,0,40,38,1
98,30,2,194901,1,7,4,5,3,4,1,0,0,40,38,0
99,31,1,189265,11,9,4,0,1,4,0,0,0,40,38,0
100,42,2,124692,11,9,2,5,0,4,1,0,0,40,38,0
101,24,2,432376,9,13,4,11,2,4,1,0,0,40,38,0
102,38,2,65324,14,15,2,9,0,4,1,0,0,40,38,1
103,56,4,335605,11,9,2,7,0,4,1,0,1887,50,1,1
104,28,2,377869,15,10,2,11,5,4,0,4064,0,25,38,0
105,36,2,102864,11,9,4,6,3,4,0,0,0,40,38,0
106,53,2,95647,6,5,2,5,0,4,1,0,0,50,38,0
107,56,3,303090,15,10,2,11,0,4,1,0,0,50,38,0
108,49,1,197371,8,11,2,2,0,2,1,0,0,40,38,1
109,55,2,247552,15,10,2,11,0,4,1,0,0,56,38,0
110,22,2,102632,11,9,4,2,1,4,1,0,0,41,38,0
111,21,2,199915,15,10,4,7,3,4,0,0,0,40,38,0
112,40,2,118853,9,13,2,3,0,4,1,0,0,60,38,0
113,30,2,77143,9,13,4,3,3,2,1,0,0,40,10,0
114,29,5,267989,9,13,2,9,0,4,1,0,0,50,38,1
115,19,2,301606,15,10,4,7,3,2,1,0,0,35,38,0
116,47,2,287828,9,13,2,3,5,4,0,0,0,40,38,1
117,20,2,111697,15,10,4,0,3,4,0,0,1719,28,38,0
118,31,2,114937,7,12,2,0,0,4,1,0,0,40,38,1
119,39,2,365739,15,10,0,2,1,4,1,0,0,40,38,0
120,28,2,69621,7,12,4,11,1,4,0,0,0,60,38,0
121,24,2,43323,11,9,4,7,1,4,0,0,1762,40,38,0
122,38,4,120985,11,9,2,2,0,4,1,4386,0,35,38,0
123,37,2,254202,9,13,2,11,0,4,1,0,0,50,38,0
124,46,2,146195,7,12,0,12,1,2,0,0,0,36,38,0
125,38,0,125933,12,14,2,9,0,4,1,0,0,40,19,1
126,43,4,56920,11,9,2,2,0,4,1,0,0,60,38,0
127,27,2,163127,8,11,2,0,5,4,0,0,0,35,38,0
128,20,2,34310,15,10,4,11,3,4,1,0,0,20,38,0
129,49,2,81973,15,10,2,2,0,1,1,0,0,40,38,1
130,61,3,66614,11,9,2,2,0,4,1,0,0,40,38,0
131,27,2,232782,15,10,4,11,3,4,0,0,0,40,38,0
132,19,2,316868,15,10,4,7,3,4,1,0,0,30,25,0
133,45,2,196584,8,11,4,9,1,4,0,0,1564,40,38,1
134,70,2,105376,15,10,4,12,2,4,1,0,0,40,38,0
135,31,2,185814,11,9,4,13,4,2,0,0,0,30,38,0
136,22,2,175374,15,10,2,7,0,4,1,0,0,24,38,0
137,36,2,108293,11,9,6,7,4,4,0,0,0,24,38,0
138,64,2,181232,1,7,2,2,0,4,1,0,2179,40,38,0
139,47,1,186009,15,10,0,0,4,4,0,0,0,38,25,0
140,34,2,198183,11,9,4,0,1,4,0,0,0,40,38,0
141,33,2,163003,9,13,4,3,2,1,0,0,0,40,29,0
142,21,2,296158,11,9,4,2,3,4,1,0,0,35,38,0
143,48,2,187715,11,9,2,2,0,4,1,0,0,46,38,0
144,23,2,214542,9,13,4,5,1,4,1,0,0,40,38,0
145,71,4,494223,15,10,5,11,4,2,1,0,1816,2,38,0
146,29,2,191535,11,9,0,2,1,4,1,0,0,60,38,0
147,42,2,228456,9,13,5,7,2,2,1,0,0,50,38,0
148,25,2,252752,11,9,4,7,4,4,0,0,0,40,38,0
149,44,3,78374,12,14,0,3,4,1,0,0,0,40,38,0
150,28,2,88419,11,9,4,3,1,1,0,0,0,40,8,0
151,45,4,201080,12,14,2,11,0,4,1,0,0,40,38,1
152,36,2,207157,15,10,0,7,4,4,0,0,0,40,25,0
153,39,0,235485,7,12,4,3,1,4,1,0,0,42,38,0
154,46,5,102628,12,14,6,10,4,4,1,0,0,40,38,0
155,18,2,25828,1,7,4,5,3,4,1,0,0,16,38,0
156,66,1,54826,8,11,6,9,1,4,0,0,0,20,38,0
157,27,2,124953,11,9,4,7,1,4,1,0,1980,40,38,0
158,28,5,175325,11,9,2,10,0,4,1,0,0,40,38,0
159,51,2,96062,15,10,2,11,0,4,1,0,1977,40,38,1
160,27,2,428030,9,13,4,2,1,4,1,0,0,50,38,0
161,28,5,149624,9,13,2,9,0,4,1,0,0,40,38,1
162,27,2,253814,11,9,3,11,4,4,0,0,0,25,38,0
163,21,2,312956,11,9,4,2,3,2,1,0,0,40,38,0
164,34,2,483777,11,9,4,5,1,2,1,0,0,40,38,0
165,18,2,183930,11,9,4,7,3,4,1,0,0,12,38,0
166,33,2,37274,9,13,2,9,0,4,1,0,0,65,38,0
167,44,1,181344,15,10,2,3,0,2,1,0,0,38,38,1
168,43,2,114580,15,10,0,0,1,4,0,0,0,40,38,0
169,30,2,633742,15,10,4,2,1,2,1,0,0,45,38,0
170,40,2,286370,5,4,2,6,0,4,1,0,0,40,25,1
171,37,0,29054,15,10,2,0,0,4,1,0,0,42,38,1
172,34,2,304030,11,9,2,0,0,2,1,0,0,40,38,0
173,41,4,143129,9,13,0,3,1,4,0,0,0,40,38,0
174,31,2,99928,12,14,2,9,5,4,0,0,0,50,38,0
175,58,5,109567,10,16,2,9,0,4,1,0,0,1,38,1
176,38,2,155222,15,10,0,6,1,2,0,0,0,28,38,0
177,24,2,159567,15,10,2,6,0,4,1,0,0,40,38,0
178,41,1,523910,9,13,2,2,0,2,1,0,0,40,38,0
179,47,2,120939,15,10,2,12,0,4,1,0,0,45,38,0
180,41,0,130760,9,13,2,12,0,4,1,0,0,24,38,0
181,23,2,197387,4,3,2,13,2,4,1,0,0,40,25,0
182,36,2,99374,15,10,0,2,1,4,1,0,0,40,38,0
183,40,0,56795,12,14,4,3,1,4,0,14084,0,55,38,1
184,35,2,138992,12,14,2,9,2,4,1,7298,0,40,38,1
185,24,4,32921,11,9,4,11,1,4,1,0,0,40,38,0
186,26,2,397317,12,14,4,9,1,4,0,0,1876,40,38,0
187,51,2,259323,9,13,2,3,0,4,1,0,0,50,38,1
188,42,1,254817,15,10,4,9,1,4,0,0,1340,40,38,0
189,37,5,48211,11,9,0,0,4,4,0,0,0,35,38,0
190,18,2,140164,1,7,4,11,3,4,0,0,0,40,38,0
191,36,2,128757,9,13,2,7,0,2,1,7298,0,36,38,1
192,35,2,36270,11,9,0,2,1,4,1,0,0,60,38,0
193,58,3,210563,11,9,2,11,5,4,0,15024,0,35,38,1
194,17,2,65368,1,7,4,11,3,4,0,0,0,12,38,0
195,44,1,160943,11,9,2,13,0,2,1,0,0,40,38,0
196,37,2,208358,11,9,2,2,0,4,1,0,0,40,38,1
197,35,2,153790,15,10,4,11,1,0,0,0,0,40,38,0
198,60,2,85815,11,9,2,2,0,1,1,0,0,40,38,0
199,54,3,125417,5,4,2,6,0,4,1,0,0,40,38,1
200,37,2,635913,9,13,4,3,1,2,1,0,0,60,38,1
201,50,2,313321,7,12,0,11,1,4,0,0,0,40,38,0
202,38,2,182609,9,13,2,11,0,4,1,0,0,50,30,0
203,45,2,109434,9,13,2,9,0,4,1,0,0,55,38,0
204,25,2,255004,0,6,4,2,1,4,1,0,0,40,38,0
205,31,2,197860,15,10,2,5,0,4,1,0,0,40,38,0
206,90,2,51744,11,9,4,7,1,2,1,0,2206,40,38,0
207,54,2,176681,11,9,2,0,0,2,1,0,0,20,38,0
208,53,1,140359,13,1,4,6,1,4,0,0,0,35,38,0
209,18,2,243313,11,9,4,11,3,4,0,0,0,40,38,0
210,66,4,167687,11,9,2,4,0,4,1,1409,0,50,38,0
211,75,2,314209,8,11,6,0,1,4,0,0,0,20,3,0
212,65,2,176796,11,9,0,0,1,4,0,0,0,40,38,0
213,35,2,538583,1,7,5,13,1,2,1,3674,0,40,38,0
214,41,2,130408,11,9,0,11,4,2,0,0,0,38,38,0
215,25,2,159732,15,10,4,0,1,4,1,0,0,42,38,0
216,33,2,110978,15,10,0,2,2,3,0,0,0,40,38,0
217,28,2,76714,14,15,4,9,1,4,1,0,0,55,38,1
218,59,5,268700,11,9,2,7,0,4,1,0,0,40,38,0
219,40,5,170525,15,10,4,0,1,4,0,0,0,38,38,0
220,41,2,180138,9,13,2,3,0,4,1,0,0,50,19,1
221,38,1,115076,12,14,2,3,0,4,1,0,0,70,38,1
222,23,2,115458,11,9,4,13,3,4,1,0,0,40,38,0
223,40,2,347890,9,13,2,9,0,4,1,0,0,40,38,1
224,41,4,196001,11,9,2,7,5,4,0,0,0,20,38,0
225,24,5,273905,7,12,2,10,0,4,1,0,0,50,38,0
226,38,2,179488,15,10,0,2,1,4,1,0,1741,40,38,0
227,58,2,236596,11,9,2,0,0,4,1,0,0,45,38,1
228,32,2,183916,11,9,4,7,1,4,0,0,0,34,38,0
229,40,2,207578,7,12,2,12,0,4,1,0,1977,60,38,1
230,41,2,112763,14,15,2,9,5,4,0,0,0,40,38,1
231,42,2,390781,9,13,2,0,5,2,0,0,0,40,38,0
232,59,1,171328,0,6,6,7,4,2,0,0,0,30,38,0
233,19,1,27382,15,10,4,0,3,4,1,0,0,40,38,0
234,58,2,259014,15,10,4,13,1,4,1,0,0,20,38,0
235,42,4,303044,11,9,2,4,0,1,1,0,0,40,0,1
236,20,2,117789,11,9,4,7,3,4,0,0,0,40,38,0
237,32,2,172579,11,9,5,7,1,4,0,0,0,30,38,0
238,45,2,187666,8,11,6,3,1,4,0,0,0,45,38,0
239,50,2,204518,5,4,0,2,1,4,1,0,0,40,38,0
240,36,2,150042,9,13,0,9,3,4,0,0,0,40,38,0
241,45,2,98092,11,9,2,11,0,4,1,0,0,60,38,0
242,17,2,245918,1,7,4,7,3,4,1,0,0,12,38,0
243,59,2,146013,15,10,2,11,0,4,1,4064,0,40,38,0
244,26,2,378322,1,7,2,2,0,4,1,0,0,40,38,0
245,37,3,257295,15,10,2,3,0,1,1,0,0,75,36,1
246,64,2,21174,11,9,2,3,0,4,1,0,0,40,38,1
247,33,2,185480,9,13,4,9,1,4,0,0,0,45,38,0
248,33,2,222205,11,9,2,2,5,4,0,0,0,40,38,1
249,61,2,69867,11,9,2,3,0,4,1,0,0,40,38,1
250,17,2,191260,6,5,4,7,3,4,1,1055,0,24,38,0
251,50,4,30653,12,14,2,4,0,4,1,2407,0,98,38,0
252,27,1,209109,12,14,4,9,3,4,1,0,0,35,38,0
253,30,2,70377,11,9,0,9,3,4,0,0,0,40,38,0
254,43,2,477983,11,9,2,5,0,2,1,0,0,40,38,0
255,44,2,170924,15,10,2,2,0,4,1,7298,0,40,38,1
256,35,2,190174,15,10,4,3,1,4,0,0,0,40,38,0
257,25,2,193787,15,10,4,12,3,4,0,0,0,40,38,0
258,24,2,279472,15,10,2,6,5,4,0,7298,0,48,38,1
259,22,2,34918,9,13,4,9,1,4,0,0,0,15,10,0
260,42,1,97688,15,10,2,2,0,4,1,5178,0,40,38,1
261,34,2,175413,7,12,0,11,4,2,0,0,0,45,38,0
262,60,2,173960,9,13,0,9,1,4,0,0,0,42,38,0
263,21,2,205759,11,9,4,5,3,4,1,0,0,40,38,0
264,57,0,425161,12,14,2,11,0,4,1,15024,0,40,38,1
265,41,2,220531,14,15,2,9,0,4,1,0,0,60,38,1
266,50,2,176609,15,10,0,7,1,4,1,0,0,45,38,0
267,25,2,371987,9,13,4,3,1,4,0,0,0,40,38,0
268,50,2,193884,5,4,2,2,0,4,1,0,0,40,6,0
269,36,2,200352,9,13,2,9,0,4,1,0,0,45,38,0
270,31,2,127595,11,9,0,9,1,4,0,0,0,40,38,0
271,29,1,220419,9,13,4,10,1,4,1,0,0,56,38,0
272,21,2,231931,15,10,4,11,3,4,1,0,0,45,38,0
273,27,2,248402,9,13,4,12,4,2,0,0,0,40,38,0
274,65,2,111095,11,9,2,13,0,4,1,0,0,16,38,0
275,37,3,57424,9,13,0,11,1,4,0,0,0,60,38,0
276,24,2,278130,11,9,4,2,3,4,1,0,0,40,38,0
277,38,2,169469,11,9,0,11,1,4,1,0,0,80,38,0
278,48,2,146268,9,13,2,0,0,4,1,7688,0,40,38,1
279,21,2,153718,15,10,4,7,1,1,0,0,0,25,38,0
280,31,2,217460,11,9,2,13,0,4,1,0,0,45,38,1
281,55,2,238638,11,9,2,11,0,4,1,4386,0,40,38,1
282,24,2,303296,15,10,2,0,5,1,0,0,0,40,24,0
283,43,2,173321,11,9,0,0,1,4,0,0,0,40,38,0
284,26,2,193945,7,12,4,12,1,4,1,0,0,45,38,0
285,46,2,83082,7,12,4,9,1,4,0,0,0,33,38,0
286,35,2,193815,7,12,2,0,0,4,1,0,0,40,38,1
287,41,3,34987,15,10,2,4,0,4,1,0,0,54,38,1
288,26,2,59306,9,13,4,11,1,4,1,0,0,40,38,0
289,34,2,142897,12,14,2,3,0,1,1,7298,0,35,35,1
290,36,4,205607,9,13,0,9,1,2,0,0,0,40,38,1
291,22,2,199698,15,10,4,11,3,4,1,0,0,15,38,0
292,24,2,191954,15,10,4,6,1,4,1,0,0,40,38,0
293,77,4,138714,15,10,2,11,0,4,1,0,0,40,38,0
294,22,2,399087,4,3,2,6,2,4,0,0,0,40,25,0
295,29,2,423158,15,10,4,12,1,4,0,0,0,40,38,0
296,62,2,159841,11,9,6,7,1,4,0,0,0,24,38,0
297,39,4,174308,11,9,2,3,0,4,1,0,0,40,38,0
298,43,2,50356,15,10,2,2,0,4,1,0,1485,50,38,0
299,35,2,186110,11,9,0,13,1,4,1,0,0,45,38,0
300,29,2,200381,1,7,4,3,1,4,0,0,0,40,38,0
301,76,4,174309,12,14,2,2,0,4,1,0,0,10,38,0
302,63,4,78383,11,9,2,4,0,4,1,0,0,45,38,0
303,43,2,187728,15,10,2,9,5,4,0,0,1887,50,38,1
304,58,4,321171,11,9,2,5,0,4,1,0,0,40,38,0
305,66,2,127921,11,9,4,13,1,4,1,2050,0,55,38,0
306,41,2,206565,15,10,4,2,1,2,1,0,0,45,38,0
307,26,2,224563,9,13,4,0,1,4,1,0,0,40,38,0
308,47,2,178686,8,11,4,7,1,4,1,0,0,40,38,0
309,55,1,98545,0,6,2,0,0,4,1,0,0,40,38,0
310,53,2,242606,11,9,2,13,0,4,1,0,0,40,38,0
311,17,2,270942,4,3,4,7,2,4,1,0,0,48,25,0
312,30,2,94235,11,9,4,2,2,4,1,0,0,40,38,0
313,49,2,71195,12,14,4,9,1,4,1,0,0,60,38,0
314,19,2,104112,11,9,4,11,4,2,1,0,0,30,13,0
315,45,2,261192,11,9,2,7,0,2,1,0,0,40,38,0
316,26,2,94936,7,12,4,11,1,4,1,0,0,40,38,0
317,38,2,296478,8,11,2,2,0,4,1,7298,0,40,38,1
318,36,5,119272,11,9,2,10,0,4,1,7298,0,40,38,1
319,33,2,85043,11,9,4,4,1,4,1,0,0,20,38,0
320,22,5,293364,15,10,4,10,3,2,0,0,0,40,38,0
321,43,4,241895,9,13,4,11,1,4,1,0,0,42,38,0
322,56,2,101128,7,12,3,7,1,4,1,0,0,25,19,0
323,31,2,156464,9,13,4,9,3,4,1,0,0,25,38,0
324,33,2,117963,9,13,2,3,0,4,1,0,0,40,38,1
325,26,2,192262,11,9,2,7,0,4,1,0,0,40,38,0
326,33,2,111363,9,13,2,3,0,4,1,0,0,40,38,1
327,46,1,329752,1,7,2,13,0,4,1,0,0,30,38,0
328,38,0,95432,11,9,2,0,0,4,1,0,0,40,38,1
329,65,2,161400,1,7,6,7,4,3,1,0,0,40,38,0
330,40,2,96129,8,11,2,12,0,4,1,0,0,40,38,1
331,42,2,111949,11,9,2,0,5,4,0,0,0,35,38,0
332,26,4,117125,6,5,2,2,0,4,1,0,0,40,31,0
333,36,2,348022,0,6,2,7,5,4,0,0,0,24,38,0
334,62,2,270092,12,14,2,9,0,4,1,0,0,40,38,1
335,43,2,180609,9,13,2,13,0,4,1,0,0,45,38,0
336,43,2,174575,9,13,0,3,1,4,1,0,1564,45,38,1
337,22,2,410439,11,9,3,11,1,4,1,0,0,55,38,0
338,28,2,92262,11,9,2,2,0,4,1,0,0,40,38,0
339,56,4,183081,15,10,2,11,0,4,1,0,0,45,38,0
340,22,2,362589,7,12,4,11,1,4,0,0,0,15,38,0
341,57,2,212448,9,13,0,3,1,4,0,0,0,45,38,1
342,39,2,481060,11,9,0,11,4,4,0,0,0,40,38,0
343,26,0,185885,15,10,4,0,4,4,0,0,0,15,38,0
344,17,2,89821,1,7,4,7,3,4,1,0,0,10,38,0
345,40,5,184018,8,11,2,6,0,4,1,0,0,38,38,1
346,45,2,256649,11,9,2,6,0,2,1,0,0,40,38,0
347,44,2,160323,11,9,4,2,1,2,1,0,0,40,38,0
348,20,1,350845,15,10,4,0,3,4,0,0,0,10,38,0
349,33,2,267404,11,9,2,2,5,4,0,0,0,40,38,0
350,23,2,35633,15,10,4,11,1,4,1,0,0,40,38,0
351,46,4,80914,12,14,0,3,1,4,1,0,0,30,38,0
352,38,2,172927,11,9,2,11,0,4,1,0,0,50,38,0
353,54,2,174319,11,9,0,13,1,4,1,0,0,40,38,0
354,46,2,214955,4,3,0,2,1,4,0,0,2339,45,38,0
355,25,2,344991,15,10,2,2,0,4,1,0,0,40,38,0
356,46,2,108699,15,10,0,11,1,4,0,0,0,40,38,0
357,36,1,117312,15,10,2,13,5,4,0,0,0,40,38,0
358,23,2,396099,11,9,4,7,1,4,0,0,0,25,38,0
359,29,2,134152,11,9,5,6,1,4,1,0,0,40,38,0
360,44,2,162028,15,10,2,0,5,4,0,0,2415,6,38,1
361,19,2,25429,15,10,4,0,3,4,0,0,0,16,38,0
362,19,2,232392,11,9,4,7,2,4,0,0,0,40,38,0
363,35,2,220098,11,9,2,7,5,4,0,0,0,40,38,1
364,27,2,301302,9,13,4,2,1,4,1,0,0,50,38,0
365,46,4,277946,7,12,5,2,1,4,1,0,0,40,38,0
366,34,2,196164,11,9,4,7,1,4,0,0,0,35,38,0
367,44,2,115562,15,10,2,12,0,4,1,0,0,40,38,0
368,45,2,96975,15,10,0,5,4,4,0,0,0,40,38,0
369,25,2,86872,9,13,2,3,0,4,1,0,0,55,38,1
370,52,3,132178,9,13,2,3,0,4,1,0,0,50,38,1
371,20,2,416103,15,10,4,5,3,4,1,0,0,40,38,0
372,28,2,108574,15,10,4,7,1,4,0,0,0,40,38,0
373,50,5,288353,9,13,2,10,0,4,1,0,0,40,38,1
374,34,2,227689,8,11,0,12,1,4,0,0,0,64,38,0
375,28,2,166481,5,4,2,5,0,3,1,0,2179,40,32,0
376,41,2,445382,12,14,2,3,0,4,1,0,1977,65,38,1
377,28,2,110145,11,9,2,0,0,4,1,0,0,40,38,0
378,46,4,317253,11,9,2,2,0,4,1,0,0,25,38,0
379,32,2,364657,15,10,2,3,0,4,1,0,0,50,38,0
380,41,1,42346,15,10,0,7,1,2,0,0,0,24,38,0
381,24,2,241951,11,9,4,5,4,2,0,0,0,40,38,0
382,33,2,118500,15,10,0,3,4,4,0,0,0,40,38,0
383,46,2,188386,10,16,2,3,0,4,1,15024,0,60,38,1
384,31,5,1033222,15,10,2,6,0,4,1,0,0,40,38,0
385,35,2,92440,2,8,0,2,1,4,1,0,0,50,38,1
386,52,2,190762,3,2,2,6,0,4,1,0,0,40,25,0
387,30,2,426017,1,7,4,7,3,4,0,0,0,19,38,0
388,34,1,243867,1,7,5,6,1,2,1,0,0,40,38,0
389,34,5,240283,11,9,0,13,4,4,0,0,0,40,38,0
390,20,2,61777,15,10,2,11,0,4,1,0,0,30,38,0
391,17,2,175024,1,7,4,5,3,4,1,2176,0,18,38,0
392,32,5,92003,9,13,2,3,5,4,0,0,0,40,38,1
393,29,2,188401,11,9,0,4,1,4,1,0,0,40,38,0
394,33,2,228528,0,6,4,2,4,4,0,0,0,35,38,0
395,25,2,133373,11,9,2,13,0,4,1,0,0,60,38,0
396,36,0,255191,12,14,4,9,1,4,1,0,1408,40,38,0
397,23,2,204653,11,9,4,5,1,4,1,0,0,72,5,0
398,63,3,222289,11,9,2,3,0,4,1,0,0,40,38,1
399,47,1,287480,12,14,2,9,0,4,1,0,0,40,38,0
400,40,4,204116,9,13,3,9,1,4,0,2174,0,40,38,0
401,30,2,29662,7,12,2,7,5,4,0,0,0,25,38,1
402,27,2,116358,15,10,4,2,3,1,1,0,1980,40,29,0
403,33,2,208405,12,14,2,9,0,4,1,0,0,50,38,1
404,34,1,284843,11,9,4,4,1,2,1,594,0,60,38,0
405,34,1,117018,15,10,4,10,1,4,0,0,0,40,38,0
406,23,2,81281,15,10,2,0,0,4,1,0,0,40,38,0
407,42,1,340148,15,10,2,0,5,4,0,0,0,40,38,0
408,29,2,363425,9,13,4,9,1,4,1,0,0,40,38,0
409,45,2,45857,11,9,0,0,1,4,0,0,0,28,38,0
410,24,0,191073,11,9,4,1,3,4,1,0,0,40,38,0
411,44,2,116632,15,10,2,9,0,4,1,0,0,40,38,1
412,27,2,405855,6,5,4,2,2,4,1,0,0,40,25,0
413,20,2,298227,15,10,4,11,1,4,1,0,0,35,38,0
414,44,2,290521,11,9,6,3,4,2,0,0,0,40,38,0
415,51,2,56915,11,9,2,2,0,0,1,0,0,40,38,0
416,20,2,146538,11,9,2,6,0,4,1,0,0,40,38,0
417,19,2,206399,11,9,4,6,3,2,0,0,0,40,38,0
418,45,3,197332,15,10,2,2,0,4,1,0,0,55,38,1
419,60,2,245062,11,9,2,2,0,4,1,0,0,40,38,1
420,44,4,234885,11,9,2,11,5,4,0,0,0,40,38,1
421,40,2,72887,8,11,2,6,0,1,1,0,0,40,38,1
422,30,2,180374,11,9,2,3,5,4,0,0,0,40,38,0
423,38,2,351299,15,10,2,13,0,2,1,0,0,50,38,0
424,23,2,54012,11,9,2,13,0,4,1,0,0,60,38,0
425,44,2,116632,7,12,4,4,3,4,1,0,0,40,38,0
426,54,1,288825,11,9,2,13,0,2,1,0,0,40,38,0
427,32,2,132601,9,13,2,9,0,4,1,0,0,50,38,0
428,50,2,193374,3,2,3,2,4,4,1,0,0,40,38,0
429,24,2,170070,9,13,4,12,1,4,0,0,0,20,38,0
430,37,2,126708,11,9,2,0,5,4,0,0,0,60,38,0
431,52,2,35598,11,9,0,13,4,4,1,0,0,40,38,0
432,38,2,33983,15,10,2,13,0,4,1,0,0,40,38,0
433,49,2,192776,12,14,2,3,0,4,1,0,1977,45,38,1
434,30,2,118551,9,13,2,12,5,4,0,0,0,16,38,1
435,60,2,201965,15,10,4,9,4,4,1,0,0,40,38,1
436,35,2,285020,11,9,4,2,1,4,1,0,0,40,38,0
437,30,2,303990,11,9,4,13,1,4,1,0,0,60,38,0
438,67,2,49401,8,11,0,7,1,4,0,0,0,24,38,0
439,46,2,279196,9,13,4,2,1,4,0,0,0,40,38,0
440,17,2,211870,6,5,4,7,1,4,1,0,0,6,38,0
441,22,2,281432,15,10,4,5,3,4,1,0,0,30,38,0
442,27,2,161155,0,6,4,7,1,4,1,0,0,40,38,0
443,23,2,197904,11,9,4,7,4,4,0,0,0,35,38,0
444,33,2,111746,7,12,2,2,0,4,1,0,0,45,31,0
445,43,4,170721,15,10,2,2,0,4,1,0,0,20,38,0
446,28,5,70100,9,13,4,9,1,4,1,0,0,20,38,0
447,41,2,193626,11,9,3,2,4,4,0,0,0,40,38,0
448,25,2,189775,15,10,3,0,3,2,0,0,0,20,38,0
449,59,1,286967,11,9,2,13,0,4,1,0,0,45,38,0
450,45,1,164427,9,13,0,9,4,4,0,0,0,40,38,0
451,38,2,91039,9,13,2,11,0,4,1,15024,0,60,38,1
452,40,2,347934,11,9,4,7,1,4,0,0,0,35,38,0
453,46,0,371373,11,9,0,0,1,4,1,0,0,40,38,0
454,35,2,32220,7,12,4,3,1,4,0,0,0,60,38,0
455,34,2,187251,11,9,0,9,4,4,0,0,0,25,38,0
456,33,2,178107,9,13,4,2,3,4,1,0,0,20,38,0
457,41,2,343121,11,9,0,0,4,4,0,0,0,36,38,0
458,20,2,262749,15,10,4,6,3,4,1,0,0,40,38,0
459,23,2,403107,4,3,4,7,3,4,1,0,0,40,7,0
460,26,2,64293,15,10,4,9,1,4,0,0,0,35,38,0
461,23,1,324960,11,9,4,4,1,4,1,0,0,40,30,0
462,62,1,114060,11,9,2,13,0,4,1,0,0,40,38,0
463,52,2,48925,15,10,2,0,0,4,1,0,0,40,38,0
464,58,2,180980,15,10,0,7,4,4,0,0,0,42,9,0
465,25,2,181054,9,13,4,11,1,4,0,0,0,40,38,0
466,24,2,388093,9,13,4,3,1,2,1,0,0,40,38,0
467,19,2,249609,15,10,4,10,3,4,1,0,0,8,38,0
468,43,2,112131,15,10,2,3,0,4,1,0,0,40,38,0
469,47,1,543162,11,9,5,0,4,2,0,0,0,40,38,0
470,39,2,91996,11,9,0,7,4,4,0,0,0,40,38,0
471,49,2,141944,8,11,3,5,4,4,1,0,1380,42,38,0
472,32,2,37070,8,11,4,2,1,4,1,0,0,45,38,0
473,34,2,337587,15,10,2,9,0,4,1,0,0,50,38,1
474,28,2,189346,11,9,0,2,1,4,1,0,0,45,38,0
475,25,2,267044,15,10,4,0,1,0,0,0,0,20,38,0
476,34,2,108116,9,13,2,9,0,4,1,0,0,50,38,1
477,38,3,99146,9,13,2,3,0,4,1,15024,0,80,38,1
478,50,2,196232,11,9,2,3,0,4,1,7688,0,50,38,1
479,24,1,248344,15,10,0,5,1,2,1,0,0,50,38,0
480,37,1,186035,15,10,2,12,0,4,1,0,0,45,38,1
481,44,2,177905,15,10,0,6,4,4,1,0,0,58,38,1
482,28,2,85812,15,10,2,11,5,4,0,0,0,40,38,0
483,42,2,221172,9,13,2,3,0,4,1,0,0,40,38,1
484,74,2,99183,15,10,0,0,1,4,0,0,0,9,38,0
485,38,4,190387,11,9,2,2,0,4,1,0,0,50,38,0
486,44,4,202692,12,14,2,9,0,4,1,0,0,40,38,0
487,44,2,109339,1,7,0,6,4,3,0,0,0,46,32,0
488,26,2,108658,11,9,4,6,1,4,1,0,0,40,38,0
489,36,2,197202,11,9,2,7,0,2,1,0,0,40,38,0
490,41,2,101739,7,12,2,3,5,4,0,0,0,50,38,1
491,67,2,231559,14,15,2,9,0,4,1,20051,0,48,38,1
492,39,1,207853,2,8,2,12,0,4,1,0,0,50,38,0
493,57,2,190942,3,2,6,8,1,2,0,0,0,30,38,0
494,29,2,102345,8,11,5,2,1,4,1,0,0,40,38,0
495,31,3,41493,9,13,4,4,1,4,0,0,0,45,38,0
496,44,2,210525,15,10,2,13,0,4,1,0,0,40,38,0
497,29,2,133937,10,16,4,9,3,4,1,0,0,40,38,0
498,30,2,237903,15,10,4,5,4,4,0,0,0,40,38,0
499,27,2,163862,11,9,4,13,1,4,1,0,0,40,38,0
500,27,2,201872,15,10,2,11,0,4,1,0,0,50,38,0
501,32,2,84179,11,9,4,5,1,4,0,0,0,45,38,0
502,58,2,51662,0,6,2,7,5,4,0,0,0,8,38,0
503,35,1,233327,15,10,2,10,0,4,1,0,0,40,38,0
504,21,2,259510,11,9,4,5,3,4,1,0,0,36,38,0
505,28,2,184831,15,10,4,2,4,4,1,0,0,40,38,0
506,46,4,245724,15,10,0,3,1,4,1,0,0,50,38,0
507,36,4,27053,11,9,5,7,4,4,0,0,0,40,38,0
508,72,2,205343,1,7,6,0,4,4,0,0,0,40,38,0
509,35,2,229328,11,9,2,6,5,2,0,0,0,40,38,0
510,33,0,319560,8,11,0,2,4,2,0,0,0,40,38,1
511,69,2,136218,1,7,4,6,1,4,0,0,0,40,38,0
512,35,2,54576,11,9,2,6,0,4,1,0,0,40,38,0
513,34,2,148291,11,9,2,12,5,4,0,0,0,32,38,0
514,30,2,152453,1,7,2,7,0,4,1,0,0,40,25,0
515,28,2,114053,9,13,4,13,1,4,1,0,0,55,38,0
516,54,2,212960,9,13,2,11,0,4,1,0,0,35,38,1
517,47,2,264052,15,10,2,9,0,4,1,0,0,50,38,1
518,24,2,82804,11,9,4,5,4,2,0,0,0,40,38,0
519,52,4,334273,9,13,2,9,0,4,1,0,0,60,38,1
520,20,2,27337,11,9,4,5,3,0,1,0,0,48,38,0
521,43,3,188436,12,14,2,3,0,4,1,5013,0,45,38,0
522,45,2,433665,5,4,5,7,4,4,0,0,0,40,25,0
523,29,4,110663,11,9,5,2,1,4,1,0,0,35,38,0
524,47,2,87490,12,14,0,3,4,4,1,0,0,42,38,0
525,24,2,354351,11,9,4,2,3,4,1,0,0,40,38,0
526,51,2,95469,11,9,2,9,0,4,1,0,0,40,38,0
527,17,2,242718,1,7,4,11,3,4,1,0,0,12,38,0
528,37,2,22463,8,11,2,2,0,4,1,0,1977,40,38,1
529,27,2,158156,10,16,4,9,1,4,0,0,0,70,38,0
530,29,2,350162,9,13,2,3,5,4,1,0,0,40,38,1
531,36,4,28738,7,12,0,11,4,4,0,0,0,35,38,0
532,58,1,283635,9,13,4,9,1,4,0,0,0,40,38,0
533,26,4,86646,15,10,2,2,0,4,1,0,0,45,38,0
534,57,2,69884,11,9,2,11,0,4,1,0,0,40,38,1
535,59,2,199713,11,9,2,2,0,4,1,0,0,40,38,0
536,27,2,181659,11,9,2,6,0,4,1,0,0,40,38,0
537,31,4,340939,9,13,4,12,1,4,1,0,0,40,38,0
538,21,2,197747,15,10,4,11,3,4,0,0,0,24,38,0
539,29,2,34292,15,10,4,0,1,4,1,0,0,60,38,0
540,18,2,156764,1,7,4,7,3,4,1,0,0,40,38,0
541,52,2,25826,0,6,2,2,0,4,1,0,1887,47,38,1
542,57,3,103948,9,13,0,9,1,4,1,0,0,80,38,0
543,60,2,39352,5,4,4,13,1,4,1,0,0,48,38,1
544,31,2,168387,9,13,2,9,0,4,1,7688,0,40,1,1
545,23,2,117789,9,13,4,0,3,4,0,0,0,40,38,0
546,27,2,267147,11,9,4,11,3,4,1,0,0,40,38,0
547,42,4,214242,14,15,2,9,0,4,1,0,1902,50,38,1
548,25,2,200408,15,10,4,12,1,4,1,2174,0,40,38,0
549,49,2,136455,9,13,4,9,1,4,0,0,0,45,38,0
550,32,2,239824,9,13,4,12,1,4,1,0,0,40,38,0
551,19,2,217039,15,10,4,0,3,4,1,0,0,28,38,0
552,60,2,51290,5,4,0,7,1,4,0,0,0,40,38,0
553,42,1,175674,6,5,2,7,0,4,1,0,0,40,38,0
554,35,4,194404,7,12,4,4,1,4,1,0,0,40,38,0
555,48,2,45612,11,9,4,0,4,2,0,0,0,37,38,0
556,51,2,410114,12,14,2,2,0,4,1,0,0,40,38,1
557,29,2,182521,11,9,4,2,1,0,1,0,0,40,38,0
558,36,1,339772,11,9,5,3,1,2,1,0,0,40,38,0
559,17,2,169658,0,6,4,7,3,4,0,0,0,21,38,0
560,52,2,200853,12,14,0,9,1,4,0,6849,0,60,38,0
561,24,2,247564,11,9,4,2,1,4,1,0,0,40,38,0
562,24,2,249909,11,9,2,5,0,4,1,0,0,50,38,0
563,26,1,208122,9,13,4,9,3,4,1,1055,0,40,38,0
564,27,2,109881,9,13,4,7,3,4,0,0,0,20,38,0
565,39,2,207824,11,9,4,5,3,4,1,0,0,60,38,0
566,30,2,369027,11,9,2,13,0,2,1,0,0,45,38,0
567,50,4,114117,11,9,2,3,0,4,1,0,0,32,38,0
568,52,3,51048,9,13,2,11,0,4,1,0,0,55,38,0
569,46,2,102388,14,15,2,9,0,4,1,15024,0,45,38,1
570,23,2,190483,9,13,4,11,3,4,0,0,0,20,38,0
571,45,2,462440,1,7,6,7,1,2,0,0,0,20,38,0
572,65,2,109351,6,5,6,8,4,2,0,0,0,24,38,0
573,29,2,34383,8,11,2,13,0,4,1,0,0,55,38,0
574,47,2,241832,6,5,3,5,4,4,1,0,0,40,7,0
575,30,2,124187,11,9,4,4,3,2,1,0,0,60,38,0
576,34,2,153614,11,9,2,11,0,4,1,0,0,45,38,1
577,38,4,267556,11,9,2,11,0,4,1,0,0,64,38,0
578,33,2,205469,15,10,2,3,0,4,1,0,0,40,38,1
579,49,2,268090,9,13,2,11,0,4,1,0,0,26,38,1
580,47,4,165039,15,10,4,7,4,2,0,0,0,40,38,0
581,49,1,120451,0,6,5,7,4,2,0,0,0,40,38,0
582,43,2,154374,15,10,2,2,0,4,1,15024,0,60,38,1
583,30,2,103649,9,13,2,0,5,2,0,0,0,40,38,1
584,58,4,35723,11,9,2,2,0,4,1,0,0,60,38,0
585,19,2,262601,11,9,4,7,3,4,0,0,0,14,38,0
586,21,2,226181,9,13,4,5,1,4,1,0,0,40,38,0
587,33,2,175697,9,13,2,3,0,4,1,15024,0,60,38,1
588,47,3,248145,4,3,2,13,0,4,1,0,0,50,4,0
589,52,4,289436,10,16,2,9,0,4,1,0,0,60,38,1
590,26,2,75654,11,9,0,2,1,4,1,0,0,55,38,0
591,60,2,199378,11,9,2,2,0,4,1,0,0,40,38,0
592,21,2,160968,15,10,4,5,3,4,1,0,0,40,38,0
593,36,2,188563,15,10,2,11,0,4,1,5178,0,50,38,1
594,31,2,55849,15,10,2,2,0,4,1,0,0,45,38,0
595,50,3,195322,10,16,5,9,1,4,1,0,0,40,38,1
596,31,1,402089,11,9,0,0,4,4,0,0,0,40,38,0
597,71,2,78277,11,9,2,2,0,4,1,0,0,15,38,0
598,30,5,169496,9,13,2,12,0,4,1,0,0,40,38,1
599,20,2,130959,15,10,4,7,3,4,1,0,0,20,38,0
600,24,2,556660,11,9,4,3,2,4,1,4101,0,50,38,0
601,35,2,292472,10,16,2,9,0,1,1,0,0,40,35,1
602,38,5,143774,15,10,5,3,1,4,0,0,0,45,38,0
603,27,2,288341,11,9,4,6,3,4,0,0,0,32,38,0
604,29,5,71592,15,10,4,0,4,1,0,0,0,40,29,0
605,34,2,106742,11,9,2,2,0,4,1,0,0,45,38,0
606,44,2,219288,5,4,2,2,0,4,1,0,0,35,38,0
607,43,2,174524,11,9,2,6,0,4,1,0,0,40,38,1
608,44,4,335183,2,8,2,5,0,2,1,0,0,40,38,1
609,35,2,261293,12,14,4,11,1,4,1,0,0,60,38,0
610,27,2,111900,15,10,4,9,1,4,1,0,0,40,38,0
611,43,1,194360,12,14,4,9,1,4,1,0,0,38,38,0
612,20,2,81145,15,10,4,11,1,4,0,0,0,25,38,0
613,42,2,341204,7,12,0,9,4,4,0,8614,0,40,38,1
614,27,5,249362,15,10,2,13,0,4,1,3411,0,40,38,0
615,42,2,247019,11,9,2,2,0,2,1,0,0,40,38,1
616,24,2,172146,6,5,4,6,1,4,1,0,1721,40,38,0
617,48,0,110457,15,10,0,3,1,4,1,0,0,40,38,0
618,17,4,368700,1,7,4,4,3,4,1,0,0,10,38,0
619,33,2,182556,9,13,2,3,0,4,1,0,0,40,38,1
620,50,3,219420,11,9,2,11,0,4,1,0,0,50,38,1
621,22,2,240817,11,9,4,11,3,4,0,2597,0,40,38,0
622,17,2,102726,2,8,4,7,3,4,1,0,0,16,38,0
623,32,2,226267,15,10,2,0,0,4,1,0,0,40,25,0
624,31,2,125457,11,9,4,2,1,4,1,0,0,45,38,0
625,58,4,204021,11,9,6,3,1,4,1,0,0,50,38,0
626,29,1,92262,11,9,4,10,3,4,1,0,0,48,38,0
627,37,2,161141,8,11,2,2,0,4,1,0,0,40,31,1
628,34,4,190290,11,9,2,2,0,4,1,0,0,40,38,1
629,23,1,430828,15,10,5,3,4,2,1,0,0,40,38,0
630,18,5,59342,1,7,4,0,3,4,0,0,0,5,38,0
631,34,2,136721,11,9,0,3,1,4,0,0,0,40,38,0
632,45,1,86644,9,13,2,9,5,4,0,0,0,55,38,0
633,41,2,195124,12,14,4,3,1,4,1,0,0,35,5,0
634,26,2,167350,11,9,4,7,2,4,1,0,0,30,38,0
635,54,1,113000,15,10,2,4,0,4,1,0,0,40,38,0
636,24,2,140027,15,10,4,6,3,2,0,0,0,45,38,0
637,42,2,262425,15,10,2,9,0,4,1,0,0,50,38,0
638,20,2,316702,15,10,4,9,3,4,1,0,0,20,38,0
639,23,5,335453,9,13,4,12,1,4,0,0,0,20,38,0
640,35,2,203628,12,14,4,9,1,4,1,0,0,60,38,1
641,31,2,118710,12,14,2,12,0,4,1,0,1902,40,38,1
642,30,2,189620,9,13,4,9,3,4,0,0,0,40,30,0
643,19,2,475028,11,9,4,11,3,4,0,0,0,20,38,0
644,36,1,110866,9,13,4,9,1,4,1,0,0,50,38,0
645,31,2,243605,9,13,6,11,4,4,0,0,1380,40,4,0
646,21,2,163870,15,10,4,5,3,4,1,0,0,30,38,0
647,31,4,80145,15,10,2,2,0,4,1,0,0,40,38,0
648,46,2,295566,10,16,0,9,4,4,0,25236,0,65,38,1
649,44,2,63042,9,13,0,3,3,4,0,0,0,50,38,1
650,40,2,229148,2,8,2,7,0,2,1,0,0,40,22,0
651,45,2,242552,15,10,4,11,1,2,1,0,0,40,38,0
652,60,2,177665,11,9,2,2,0,4,1,0,0,35,38,0
653,18,2,208103,1,7,4,7,2,4,1,0,0,25,38,0
654,28,2,296450,9,13,2,9,0,4,1,0,0,40,38,0
655,36,2,70282,15,10,0,0,4,2,0,0,0,40,38,0
656,40,2,144995,8,11,2,12,0,4,1,4386,0,40,38,0
657,36,1,382635,9,13,0,0,4,4,0,0,0,35,15,0
658,31,2,295697,11,9,5,7,4,2,0,0,0,40,38,0
659,33,2,194141,11,9,2,6,0,4,1,0,0,40,38,0
660,19,5,378418,11,9,4,12,3,4,0,0,0,40,38,0
661,22,2,214399,15,10,4,11,3,4,0,0,0,15,38,0
662,34,2,217460,9,13,2,3,0,4,1,0,0,45,38,1
663,33,2,182556,11,9,4,7,1,4,1,0,0,40,38,0
664,41,2,125831,11,9,2,2,0,4,1,0,2051,60,38,0
665,29,2,271328,9,13,4,9,1,4,1,4650,0,40,38,0
666,50,1,50459,11,9,2,3,0,4,1,0,0,42,38,1
667,42,2,162140,9,13,2,3,0,4,1,7298,0,45,38,1
668,44,2,111502,11,9,2,11,5,4,0,0,0,40,38,0
669,20,2,299047,15,10,4,7,1,4,0,0,0,20,38,0
670,31,2,223212,11,9,2,7,0,4,1,0,0,40,25,0
671,23,2,352139,15,10,4,7,1,4,0,0,0,24,38,0
672,55,2,173093,15,10,0,0,1,1,0,0,0,40,38,0
673,26,2,181655,8,11,2,0,0,4,1,0,2377,45,38,0
674,25,2,332702,8,11,4,7,3,4,0,0,0,15,38,0
675,35,2,234901,15,10,2,2,0,4,1,2407,0,40,38,0
676,36,2,131414,15,10,4,11,1,2,0,0,0,36,38,0
677,43,5,260960,9,13,2,9,0,4,1,0,0,50,38,0
678,56,2,156052,11,9,6,7,4,2,0,594,0,20,38,0
679,42,2,279914,9,13,2,12,0,4,1,0,0,40,38,1
680,19,2,192453,15,10,4,7,2,4,0,0,0,25,38,0
681,55,4,200939,11,9,2,13,0,4,1,0,0,72,38,0
682,42,2,151408,12,14,4,3,1,4,0,14084,0,50,38,1
683,26,2,112847,8,11,4,12,3,4,1,0,0,40,38,0
684,17,2,316929,2,8,4,5,3,4,1,0,0,20,38,0
685,42,1,126319,9,13,2,9,5,4,0,0,0,40,38,1
686,55,2,197422,11,9,2,13,0,4,1,7688,0,40,38,1
687,32,2,267736,15,10,4,0,3,2,0,0,0,40,38,0
688,29,2,267034,1,7,4,2,3,2,1,0,0,40,13,0
689,46,5,193047,9,13,2,9,0,4,1,0,0,37,38,0
690,29,5,356089,9,13,2,3,0,4,1,7688,0,40,38,1
691,22,2,223515,9,13,4,9,4,4,1,0,0,20,38,0
692,58,4,87510,0,6,2,2,0,4,1,0,0,40,38,0
693,23,2,145111,11,9,4,13,4,4,1,0,0,50,38,0
694,39,2,48093,11,9,4,5,1,4,1,0,0,40,38,0
695,27,2,31757,8,11,4,2,3,4,1,0,0,38,38,0
696,54,2,285854,11,9,2,13,0,4,1,0,0,40,38,1
697,33,1,120064,9,13,4,9,1,4,0,0,0,45,38,0
698,46,0,167381,11,9,2,0,5,4,0,0,0,40,38,1
699,37,2,103408,11,9,4,4,1,2,1,0,0,40,38,0
700,36,2,101460,11,9,4,7,1,4,0,0,0,18,38,0
701,59,1,420537,11,9,2,0,5,4,0,0,0,38,38,1
702,34,1,119411,11,9,0,10,4,4,1,0,0,40,31,0
703,53,3,128272,10,16,2,3,0,4,1,0,0,70,38,1
704,51,2,386773,9,13,4,11,1,4,1,0,0,55,38,1
705,32,2,283268,0,6,5,7,4,4,0,0,0,42,38,0
706,31,5,301526,15,10,3,7,2,4,1,0,0,40,38,0
707,22,2,151790,15,10,2,11,5,4,0,0,0,30,10,0
708,47,4,106252,9,13,0,11,1,4,0,0,0,50,38,0
709,32,2,188557,11,9,4,6,1,4,1,0,0,40,38,0
710,26,2,171114,15,10,4,4,1,4,0,0,0,38,38,0
711,37,2,327323,4,3,5,4,1,4,1,0,0,32,12,0
712,31,2,244147,11,9,0,2,4,4,1,0,0,55,38,0
713,37,2,280282,8,11,2,12,5,4,0,0,0,24,38,1
714,55,2,116442,11,9,4,11,1,4,1,0,0,38,38,0
715,23,1,282579,8,11,0,12,1,4,1,0,0,56,38,0
716,36,2,51838,15,10,0,0,4,4,0,0,0,40,38,0
717,43,2,226902,9,13,2,11,0,4,1,0,0,50,38,1
718,54,2,279129,15,10,4,12,1,4,1,0,0,40,38,0
719,28,2,196690,8,11,4,6,1,4,0,0,1669,42,38,0
720,40,2,130760,8,11,2,3,0,4,1,0,0,50,38,1
721,41,4,49572,15,10,2,3,0,4,1,0,0,60,38,0
722,40,2,237601,9,13,4,11,1,3,0,0,0,55,38,1
723,42,2,169628,15,10,0,0,1,2,0,0,0,38,38,0
724,61,4,36671,11,9,2,4,0,4,1,0,2352,50,38,0
725,18,2,231193,2,8,4,6,3,4,1,0,0,30,38,0
726,48,2,102102,8,11,2,12,0,4,1,0,0,50,38,1
727,41,3,32185,9,13,2,12,0,4,1,0,0,40,38,0
728,23,2,211046,11,9,4,11,1,4,0,2463,0,40,38,0
729,60,2,31577,11,9,2,13,0,4,1,0,0,60,38,1
730,22,2,162343,15,10,4,7,2,2,1,0,0,20,38,0
731,61,2,128831,11,9,2,6,0,4,1,0,0,40,38,0
732,25,2,316688,11,9,4,6,1,2,1,0,0,40,38,0
733,46,2,90758,12,14,4,12,1,4,1,0,0,35,38,1
734,43,2,274363,9,13,2,3,0,4,1,0,1902,40,8,1
735,43,2,154538,7,12,0,2,1,4,1,0,0,40,38,0
736,24,2,106085,11,9,4,7,3,2,1,0,1721,30,38,0
737,68,4,315859,1,7,4,4,4,4,1,0,0,20,38,0
738,31,2,51471,11,9,0,0,4,4,0,0,0,38,38,0
739,17,2,193830,1,7,4,11,3,4,0,0,0,20,38,0
740,32,2,231043,11,9,2,2,0,4,1,5178,0,48,38,1
741,33,2,169879,9,13,2,9,0,4,1,3103,0,47,38,1
742,64,2,270333,9,13,2,9,0,4,1,0,0,40,38,1
743,20,2,138768,11,9,4,13,3,4,1,0,0,30,38,0
744,30,2,191571,11,9,5,7,3,4,0,0,0,36,38,0
745,43,2,94113,15,10,0,3,1,4,1,0,0,45,38,0
746,22,2,137510,15,10,4,0,3,4,1,0,0,40,38,0
747,17,2,32607,0,6,4,4,3,4,1,0,0,20,38,0
748,47,4,93208,11,9,2,7,5,4,0,0,0,75,21,0
749,41,2,254440,8,11,4,9,1,4,0,0,0,60,38,0
750,56,2,186556,15,10,2,2,0,4,1,0,0,50,38,1
751,64,2,169871,11,9,2,13,0,4,1,0,0,45,38,0
752,47,2,191277,11,9,2,13,0,4,1,0,0,50,38,1
753,48,2,167159,8,11,4,0,4,4,1,0,0,40,38,0
754,31,2,171871,12,14,4,9,1,4,0,0,0,46,38,0
755,29,2,154411,8,11,4,12,3,4,1,0,0,40,38,0
756,30,2,129227,11,9,6,0,1,4,0,0,0,40,38,0
757,32,2,110331,11,9,2,3,0,4,1,0,1672,60,38,0
758,57,2,34269,11,9,6,13,4,4,1,0,653,42,38,1
759,62,2,174355,11,9,6,7,1,4,0,0,0,40,38,0
760,39,2,680390,11,9,5,6,4,4,0,0,0,24,38,0
761,43,2,233130,15,10,4,0,1,4,1,0,0,25,38,0
762,24,3,165474,9,13,4,11,3,4,1,0,0,40,38,0
763,53,2,194259,15,10,2,0,5,4,0,4386,0,40,38,1
764,26,2,280093,15,10,4,5,3,4,1,0,0,40,38,0
765,73,4,177387,11,9,2,3,0,4,1,0,0,40,38,0
766,55,2,105304,11,9,2,6,0,4,1,0,0,40,38,0
767,25,2,499233,11,9,0,0,1,4,1,0,0,40,38,0
768,41,2,180572,9,13,0,9,1,4,0,0,0,50,38,1
769,24,2,321435,9,13,4,3,1,4,1,0,0,50,38,0
770,63,2,86108,11,9,6,4,1,4,1,0,0,6,38,0
771,17,2,198124,1,7,4,11,3,4,1,0,0,20,38,0
772,35,2,135162,15,10,2,2,0,4,1,0,0,50,38,0
773,51,2,146813,15,10,2,9,0,4,1,0,0,40,38,1
774,62,1,291175,9,13,6,9,1,4,0,0,0,48,38,0
775,55,2,387569,11,9,2,2,0,4,1,4386,0,40,38,1
776,43,2,102895,15,10,0,9,1,4,1,0,0,40,38,0
777,40,1,33274,11,9,0,7,1,4,0,0,0,50,38,0
778,37,2,86551,9,13,2,3,0,4,1,0,0,45,38,1
779,39,2,138192,9,13,2,2,0,4,1,0,0,40,38,0
780,31,2,118966,11,9,4,2,3,4,1,0,0,18,38,0
781,61,2,99784,12,14,6,9,1,4,0,0,0,40,38,1
782,26,2,90980,8,11,0,0,1,4,0,0,0,55,38,0
783,46,4,177407,11,9,2,11,0,4,1,0,0,50,38,0
784,26,2,96467,9,13,4,9,1,4,0,0,0,40,38,0
785,48,5,327886,10,16,0,9,3,4,1,0,0,50,38,1
786,34,2,111567,11,9,4,13,3,4,1,0,0,40,38,0
787,34,1,166545,11,9,4,0,3,4,0,0,0,40,38,0
788,59,2,142182,11,9,2,7,0,4,1,0,0,40,38,1
789,34,2,188798,9,13,4,9,3,4,0,0,0,40,38,0
790,49,2,38563,9,13,4,3,1,4,0,0,0,56,38,1
791,18,2,216284,1,7,4,0,3,4,0,0,0,20,38,0
792,43,2,191547,11,9,2,4,0,4,1,0,0,40,25,0
793,48,2,285335,1,7,2,3,0,4,1,0,0,50,38,0
794,28,3,142712,15,10,2,3,0,4,1,0,0,70,38,0
795,33,2,80945,11,9,2,6,0,4,1,0,0,40,38,0
796,24,2,309055,15,10,4,11,1,4,0,0,0,15,38,0
797,21,2,62339,0,6,4,5,1,4,1,0,0,40,38,0
798,17,2,368700,1,7,4,11,3,4,1,0,0,28,38,0
799,39,2,176186,15,10,2,4,0,4,1,0,0,50,38,1
800,29,4,266855,9,13,5,9,3,4,1,0,0,40,38,0
801,44,2,48087,9,13,2,3,0,4,1,0,0,40,38,1
802,24,2,121313,15,10,4,13,3,4,1,0,0,50,38,0
803,71,4,143437,12,14,2,11,0,4,1,10605,0,40,38,1
804,51,4,160724,9,13,2,11,0,1,1,0,2415,40,2,1
805,55,2,282753,4,3,0,7,4,2,1,0,0,25,38,0
806,41,2,194636,9,13,2,3,0,4,1,0,0,60,38,1
807,23,2,153044,11,9,4,5,4,2,0,0,0,7,38,0
808,38,2,411797,8,11,0,0,4,4,0,0,0,40,38,0
809,39,2,117683,11,9,2,13,0,4,1,0,0,40,38,1
810,19,2,376540,11,9,4,0,1,4,0,0,0,30,38,0
811,49,2,72393,6,5,0,6,1,4,0,0,0,40,38,0
812,32,2,270335,9,13,2,0,2,4,1,0,0,40,29,1
813,27,2,96226,11,9,2,2,0,4,1,0,0,70,38,0
814,38,2,95336,9,13,2,11,0,4,1,0,0,50,38,1
815,33,2,258498,15,10,2,2,5,4,0,0,0,60,38,0
816,23,2,205865,9,13,4,3,3,4,1,0,0,28,38,0
817,54,4,406468,11,9,2,11,0,2,1,0,0,40,38,0
818,29,2,177119,8,11,0,12,1,4,0,2174,0,45,38,0
819,35,4,372525,9,13,4,3,1,4,1,0,0,40,38,0
820,28,2,164170,8,11,2,0,5,1,0,0,0,40,18,0
821,37,2,183800,9,13,2,9,0,4,1,7688,0,50,38,1
822,42,4,177307,14,15,2,4,0,4,1,0,0,65,38,1
823,40,2,170108,12,14,2,9,0,4,1,0,0,40,38,0
824,47,2,341995,15,10,0,11,3,4,1,0,0,55,38,0
825,22,2,226508,9,13,4,3,3,4,0,0,0,50,38,0
826,30,2,87418,9,13,2,3,0,4,1,0,0,45,38,1
827,28,2,109165,11,9,2,12,0,4,1,0,0,40,38,0
828,63,1,28856,5,4,2,7,0,4,1,0,0,55,38,0
829,51,4,175897,6,5,2,2,0,4,1,0,0,20,38,0
830,22,2,99697,11,9,4,5,3,4,0,0,0,40,38,0
831,35,2,152375,11,9,4,11,1,4,1,0,0,45,38,0
832,46,2,171550,11,9,0,6,1,4,0,0,0,38,38,0
833,37,2,211154,15,10,0,6,1,4,1,0,0,52,38,0
834,24,2,202570,9,13,4,9,3,2,1,0,0,15,38,0
835,37,4,168496,11,9,0,5,3,4,1,0,0,10,38,0
836,53,2,68898,15,10,2,12,0,4,1,0,0,40,38,0
837,27,2,93235,11,9,4,11,1,4,1,0,0,30,38,0
838,38,2,278924,15,10,0,2,1,4,1,0,0,44,38,0
839,53,4,311020,0,6,2,4,0,4,1,0,0,60,38,0
840,34,2,175878,15,10,4,2,1,4,1,0,0,40,38,0
841,23,2,543028,11,9,4,11,3,2,1,0,0,40,38,0
842,39,2,202027,9,13,2,3,0,4,1,15024,0,45,38,1
843,43,2,158926,12,14,2,9,5,1,0,0,0,50,34,0
844,67,3,76860,11,9,2,3,0,1,1,0,0,40,38,1
845,81,4,136063,11,9,2,3,0,4,1,0,0,30,38,0
846,21,2,186648,15,10,4,7,3,4,1,0,0,20,38,0
847,23,2,257509,15,10,4,11,1,4,1,0,0,25,38,0
848,25,2,98155,15,10,4,13,4,4,1,0,0,40,38,0
849,42,2,274198,4,3,2,6,5,4,0,0,0,38,25,0
850,38,2,97083,15,10,2,0,5,2,0,0,0,40,38,0
851,32,2,262153,11,9,2,6,0,4,1,0,0,40,38,0
852,37,2,214738,11,9,2,6,0,4,1,0,0,40,38,0
853,51,2,138022,12,14,2,3,0,4,1,0,0,60,38,1
854,22,2,91842,15,10,4,11,1,4,0,0,0,42,38,0
855,33,2,373662,3,2,3,8,1,4,0,0,0,40,12,0
856,42,2,162003,11,9,0,6,1,4,1,0,0,55,38,0
857,51,1,241843,13,1,2,7,0,4,1,0,0,40,38,0
858,23,2,375871,11,9,2,0,5,4,0,0,0,40,25,0
859,37,2,186934,1,7,2,6,0,4,1,3103,0,44,38,1
860,37,2,176900,11,9,2,2,0,4,1,0,0,99,38,1
861,47,2,21906,12,14,4,9,1,4,0,0,0,25,38,0
862,41,2,132222,14,15,2,9,0,4,1,0,2415,40,38,1
863,33,2,143653,11,9,2,2,0,4,1,0,0,30,38,0
864,31,2,111567,9,13,4,11,1,4,1,0,0,40,38,1
865,31,2,78602,7,12,0,7,4,0,0,0,0,40,38,0
866,35,2,465507,11,9,2,6,0,2,1,0,0,40,38,0
867,38,3,196373,11,9,2,3,0,4,1,0,0,40,38,1
868,18,2,293227,11,9,4,7,1,4,0,0,0,45,38,0
869,20,2,241752,11,9,2,6,0,4,1,0,0,40,38,0
870,54,1,166398,15,10,0,3,4,2,0,0,0,35,38,0
871,40,2,184682,15,10,0,0,4,4,0,0,0,40,38,0
872,36,3,108293,9,13,2,3,5,4,0,0,1977,45,38,1
873,43,2,250802,15,10,0,2,4,4,1,0,0,35,38,0
874,44,4,325159,15,10,0,4,4,4,1,0,0,40,38,0
875,44,5,174675,11,9,2,9,5,4,0,0,0,40,38,1
876,43,2,227065,12,14,2,3,0,4,1,0,0,43,38,1
877,51,2,269080,5,4,6,7,4,2,0,0,0,40,38,0
878,18,2,177722,11,9,4,7,3,4,0,0,0,20,38,0
879,51,2,133461,15,10,2,3,0,4,1,0,0,40,38,0
880,44,3,398473,15,10,2,11,0,4,1,0,0,70,38,1
881,33,1,298785,0,6,0,13,1,4,1,0,0,40,38,0
882,33,4,123424,9,13,2,3,0,4,1,0,0,40,38,1
883,42,2,176286,7,12,2,3,0,4,1,0,0,40,38,1
884,25,2,150062,15,10,2,9,0,4,1,0,0,45,38,0
885,32,2,169240,11,9,0,6,1,4,0,0,0,38,38,0
886,32,2,288273,9,13,2,2,0,4,1,0,0,70,25,0
887,36,2,526968,0,6,0,3,4,4,0,0,0,40,38,0
888,28,2,57066,11,9,2,13,0,4,1,0,0,40,38,0
889,20,2,323573,11,9,4,7,3,4,0,0,0,20,38,0
890,35,3,368825,15,10,2,11,0,4,1,0,0,60,38,1
891,55,4,189721,11,9,2,2,0,4,1,0,0,20,38,0
892,48,2,164966,9,13,2,3,0,1,1,0,0,40,18,1
893,34,2,202046,11,9,2,2,0,4,1,0,0,35,38,1
894,28,2,161538,9,13,4,12,1,4,0,0,0,35,38,0
895,67,2,105252,9,13,6,3,1,4,1,0,2392,40,38,1
896,37,2,200153,11,9,2,2,0,4,1,0,0,40,38,0
897,44,2,32185,11,9,4,13,4,4,1,0,0,70,38,0
898,25,2,178326,15,10,4,11,1,4,0,0,0,40,38,0
899,21,2,255957,15,10,4,3,1,4,0,4101,0,40,38,0
900,40,5,188693,12,14,2,9,0,4,1,0,0,35,38,1
901,78,2,182977,11,9,6,7,1,2,0,2964,0,40,38,0
902,34,2,159929,11,9,0,5,3,4,1,0,0,40,38,0
903,49,2,123207,11,9,4,0,1,4,0,0,0,44,38,0
904,22,2,284317,7,12,4,0,1,4,0,0,0,40,38,0
905,60,4,154474,11,9,4,4,4,4,1,0,0,42,38,0
906,45,1,318280,11,9,6,10,1,4,1,0,0,40,38,1
907,63,2,254907,8,11,0,7,1,4,0,0,0,20,38,0
908,41,2,349221,11,9,4,2,3,2,0,0,0,35,38,0
909,47,2,335973,11,9,0,0,4,4,0,0,0,40,38,0
910,44,2,126701,11,9,0,2,4,4,1,0,0,40,38,0
911,51,2,122159,15,10,6,9,1,4,0,3325,0,40,38,0
912,46,2,187370,9,13,4,11,1,4,1,0,1504,40,38,0
913,41,2,194636,8,11,2,6,0,4,1,0,0,40,38,0
914,50,4,124793,11,9,2,2,0,4,1,0,0,30,38,0
915,47,2,192835,11,9,2,0,0,4,1,0,0,50,38,1
916,35,2,290226,11,9,4,3,1,4,1,0,0,45,38,0
917,56,2,112840,11,9,2,3,0,4,1,0,0,55,38,1
918,45,2,89325,12,14,0,9,1,4,1,0,0,45,38,0
919,48,0,33109,9,13,0,3,4,4,1,0,0,58,38,1
920,40,2,82465,15,10,2,6,0,4,1,2580,0,40,38,0
921,39,3,329980,9,13,2,3,0,4,1,15024,0,50,38,1
922,20,2,148294,15,10,4,7,3,4,1,0,0,40,38,0
923,50,2,168212,10,16,2,9,0,4,1,0,1902,65,38,1
924,38,5,343642,11,9,2,9,5,4,0,0,0,40,38,1
925,23,1,115244,9,13,4,9,3,4,0,0,0,60,38,0
926,31,2,162572,11,9,4,7,3,4,1,0,0,16,38,0
927,58,2,356067,9,13,2,0,0,4,1,0,0,40,38,0
928,66,2,271567,11,9,5,6,1,2,1,0,0,40,38,0
929,39,3,180804,11,9,2,3,0,4,1,0,0,40,38,1
930,54,4,123011,11,9,2,2,0,4,1,15024,0,52,38,1
931,26,2,109186,15,10,2,11,0,4,1,0,0,50,10,0
932,51,2,220537,11,9,0,6,1,4,0,0,0,40,38,0
933,34,2,124827,8,11,4,13,3,4,1,0,0,40,38,0
934,50,2,767403,11,9,2,6,0,4,1,3103,0,40,38,1
935,42,2,118494,15,10,2,9,0,4,1,0,0,44,38,1
936,38,2,173208,12,14,2,9,0,4,1,0,0,25,38,0
937,48,2,107373,5,4,2,5,0,4,1,0,0,40,38,0
938,33,2,26973,8,11,2,12,5,4,0,0,0,40,38,1
939,51,2,191965,11,9,6,7,4,4,0,0,0,32,38,0
940,22,2,122346,11,9,0,2,1,4,1,0,0,40,38,0
941,41,2,198316,15,10,4,2,1,4,1,0,0,50,23,0
942,48,1,123075,12,14,2,9,0,4,1,0,0,35,38,1
943,42,2,209370,11,9,5,11,1,4,0,0,0,30,38,0
944,34,2,33117,15,10,2,7,0,4,1,0,0,40,38,0
945,23,2,129042,11,9,4,6,4,2,0,0,0,40,38,0
946,56,2,169133,11,9,2,7,0,4,1,0,0,50,40,0
947,45,2,368561,11,9,2,3,0,4,1,0,0,55,38,1
948,48,2,207848,0,6,2,0,5,4,0,0,0,40,38,0
949,48,3,138370,12,14,3,11,1,1,1,0,0,50,18,0
950,31,2,93106,8,11,4,0,1,4,0,0,0,40,38,0
951,20,5,223515,7,12,4,7,3,4,1,0,1719,20,38,0
952,27,2,389713,15,10,4,11,1,4,1,0,0,40,38,0
953,32,2,206365,11,9,4,7,1,2,0,0,0,40,38,0
954,37,2,123785,11,9,4,7,1,4,1,0,0,75,38,0
955,34,2,289984,11,9,0,8,4,2,0,0,0,30,38,0
956,90,2,137018,11,9,4,7,1,4,0,0,0,40,38,0
957,23,2,137994,15,10,4,6,3,2,0,0,0,40,38,0
958,43,2,341204,15,10,0,0,1,4,0,0,0,40,38,0
959,44,2,167005,9,13,2,3,0,4,1,7688,0,60,38,1
960,24,2,34446,15,10,4,12,1,4,0,0,0,37,38,0
961,28,2,187160,14,15,0,9,4,4,1,0,0,55,38,0
962,23,2,217961,15,10,2,7,0,4,1,0,0,40,38,0
963,20,2,74631,15,10,4,11,1,4,0,0,0,50,38,0
964,36,2,156667,9,13,2,9,0,4,1,0,1902,50,38,1
965,61,2,125155,11,9,2,6,0,4,1,0,0,40,38,0
966,53,4,263925,9,13,2,11,0,4,1,0,0,40,1,1
967,30,2,296453,9,13,2,0,0,4,1,7298,0,40,38,1
968,52,4,44728,15,10,2,11,0,4,1,0,0,55,38,1
969,38,2,193026,15,10,0,2,1,4,1,0,0,40,19,0
970,32,2,87643,9,13,2,11,0,4,1,0,0,40,38,0
971,30,4,106742,2,8,2,13,0,4,1,0,0,75,38,0
972,41,2,302122,8,11,0,2,1,4,0,0,0,40,38,0
973,49,1,193960,12,14,2,9,0,4,1,0,1902,40,38,1
974,45,2,185385,11,9,2,2,0,4,1,0,0,47,38,1
975,43,4,277647,11,9,2,3,0,4,1,0,0,35,38,0
976,61,2,128848,11,9,2,6,0,4,1,3471,0,40,38,0
977,54,2,377701,11,9,2,7,0,4,1,0,0,32,25,0
978,34,2,157886,7,12,5,7,4,4,0,0,0,40,38,0
979,49,2,175958,15,10,2,11,0,4,1,0,0,80,38,1
980,38,2,223004,15,10,4,7,3,4,1,0,0,40,38,0
981,35,2,199352,14,15,2,9,0,4,1,0,1977,80,38,1
982,36,2,29984,2,8,2,13,0,4,1,0,0,40,38,0
983,30,2,181651,9,13,2,3,0,4,1,0,0,50,38,0
984,36,2,117312,7,12,0,12,1,4,0,0,0,60,38,0
985,22,1,34029,9,13,4,9,3,4,0,0,0,20,38,0
986,38,2,132879,11,9,2,2,0,4,1,0,1902,40,38,1
987,37,2,215310,11,9,2,2,0,4,1,0,0,50,38,1
988,48,5,55863,10,16,2,9,5,4,0,0,1902,46,38,1
989,17,2,220384,1,7,4,0,3,4,1,0,0,15,38,0
990,19,4,36012,15,10,4,2,3,4,1,0,0,20,38,0
991,27,2,137645,9,13,4,11,1,2,0,0,1590,40,38,0
992,22,2,191342,9,13,4,11,3,1,1,0,0,50,35,0
993,49,2,31339,11,9,2,2,0,4,1,0,0,40,38,0
994,43,5,227910,8,11,2,9,5,4,0,0,0,40,38,1
995,43,2,173728,9,13,5,9,4,4,0,0,0,40,38,0
996,19,1,167816,11,9,0,3,1,4,0,0,0,35,38,0
997,58,4,81642,11,9,2,4,0,4,1,0,0,60,38,0
998,41,1,195258,15,10,2,10,0,4,1,0,0,40,38,1
999,31,2,232475,15,10,2,0,0,4,1,0,0,40,38,0
1000,30,2,241259,8,11,2,13,0,4,1,0,0,40,38,0
1001,32,2,118161,11,9,2,10,0,4,1,0,0,40,38,0
1002,29,2,201954,9,13,4,3,1,4,1,0,0,35,38,0
1003,42,2,150533,15,10,2,3,0,4,1,7298,0,52,38,1
1004,38,2,412296,11,9,0,2,3,4,1,0,0,28,38,0
1005,41,0,133060,7,12,2,9,0,4,1,0,0,40,38,1
1006,44,4,120539,9,13,4,11,1,4,1,0,0,50,38,1
1007,31,2,196025,10,16,3,9,1,1,1,0,0,60,2,0
1008,34,2,107793,11,9,0,2,1,4,1,0,0,40,38,0
1009,21,2,163870,15,10,4,0,3,4,1,0,0,40,38,0
1010,22,4,361280,9,13,4,9,3,1,1,0,0,20,18,0
1011,62,2,92178,0,6,2,6,0,4,1,0,0,40,38,0
1012,29,3,260729,11,9,2,11,5,4,0,0,1977,25,38,1
1013,43,2,182254,15,10,0,9,4,4,0,0,0,40,38,0
1014,45,3,149865,9,13,2,6,0,4,1,0,0,60,38,1
1015,39,3,218184,6,5,2,3,0,4,1,0,1651,40,25,0
1016,41,2,118619,9,13,2,3,0,2,1,0,0,50,38,0
1017,34,4,196791,7,12,2,9,5,4,0,0,0,25,38,1
1018,34,1,167999,11,9,0,0,4,4,0,0,0,33,38,0
1019,31,2,51259,9,13,4,9,1,4,1,0,0,47,38,0
1020,29,2,131088,11,9,4,5,3,4,1,0,0,25,38,0
1021,41,2,118212,9,13,2,2,0,4,1,3103,0,40,38,1
1022,41,2,293791,8,11,2,13,0,4,1,0,0,55,38,0
1023,35,3,289430,12,14,2,11,0,4,1,0,0,45,25,1
1024,33,2,35378,9,13,2,11,5,4,0,0,0,45,38,1
1025,37,5,60227,9,13,4,0,1,4,1,0,0,38,38,0
1026,69,2,168139,11,9,2,11,5,4,0,0,0,40,38,0
1027,34,2,290763,11,9,0,5,3,4,0,0,0,40,38,0
1028,36,2,51100,15,10,2,2,0,4,1,0,0,40,38,0
1029,41,2,227644,11,9,2,13,0,4,1,0,0,50,38,0
1030,58,1,205267,9,13,2,9,5,4,0,0,0,40,38,1
1031,53,2,288020,9,13,2,9,0,1,1,0,0,40,23,0
1032,29,2,140863,15,10,2,12,0,4,1,0,0,40,38,0
1033,45,0,170915,11,9,0,12,1,4,0,4865,0,40,38,0
1034,34,5,50178,15,10,2,3,0,4,1,0,0,38,38,0
1035,36,2,112497,9,13,2,12,0,4,1,0,0,40,38,0
1036,48,2,95244,15,10,0,7,4,2,0,0,0,35,38,0
1037,20,2,117606,8,11,4,0,3,4,0,0,0,40,38,0
1038,35,2,89508,11,9,2,13,0,4,1,0,0,50,38,1
1039,63,0,124244,11,9,6,5,1,2,1,0,0,40,38,0
1040,41,4,154374,15,10,0,7,4,4,1,0,0,45,38,0
1041,28,2,294936,9,13,2,9,0,4,1,0,0,45,38,0
1042,30,2,347132,15,10,4,6,1,2,0,0,0,40,38,0
1043,31,2,316672,11,9,4,7,4,4,0,0,0,40,25,0
1044,37,2,189382,8,11,4,0,3,4,0,0,0,38,38,0
1045,31,2,184307,15,10,2,3,0,4,1,0,0,50,22,1
1046,46,4,246212,12,14,2,3,0,4,1,0,0,45,38,1
1047,35,0,250504,11,9,2,0,0,2,1,0,0,60,38,1
1048,27,2,138705,11,9,2,2,0,4,1,0,0,53,38,0
1049,41,2,328447,3,2,2,2,0,4,1,0,0,35,25,0
1050,19,2,194608,15,10,4,7,3,4,0,0,0,20,38,0
1051,20,2,230891,15,10,4,11,1,4,1,0,0,45,38,0
1052,59,0,212448,11,9,6,11,4,4,0,0,0,40,10,0
1053,40,2,214010,9,13,4,7,1,4,1,0,0,37,38,0
1054,56,4,200235,15,10,2,11,0,4,1,0,0,60,38,0
1055,33,2,354573,12,14,2,9,0,4,1,15024,0,44,38,1
1056,30,3,205733,15,10,4,3,1,4,0,0,0,60,38,0
1057,46,2,185041,11,9,2,6,0,4,1,0,0,50,38,0
1058,61,3,84409,11,9,2,3,0,4,1,0,0,35,38,1
1059,50,3,293196,11,9,2,3,0,4,1,7298,0,40,38,1
1060,25,2,241626,11,9,4,7,3,4,1,0,0,30,38,0
1061,40,2,520586,15,10,0,0,4,4,0,0,0,39,38,0
1062,51,2,302847,11,9,2,2,0,4,1,0,0,54,38,0
1063,43,5,165309,11,9,2,10,0,4,1,0,0,40,38,0
1064,34,2,117529,15,10,2,4,0,4,1,0,0,54,25,0
1065,46,2,106092,11,9,2,3,0,4,1,0,0,45,38,1
1066,28,5,445824,12,14,2,9,5,4,0,0,0,50,38,1
1067,20,2,275691,11,9,4,5,3,4,1,0,0,28,38,0
1068,44,2,193459,8,11,2,2,0,4,1,3411,0,40,38,0
1069,51,2,284329,11,9,6,13,4,4,1,0,0,40,38,0
1070,33,2,114691,9,13,2,11,0,4,1,0,0,60,38,1
1071,54,2,96062,7,12,2,12,0,4,1,0,0,40,38,1
1072,50,2,133963,9,13,2,9,5,4,0,0,1977,40,38,1
1073,33,2,178506,11,9,0,0,1,2,0,0,0,40,38,0
1074,65,2,350498,9,13,2,0,0,4,1,10605,0,20,38,1
1075,88,4,206291,14,15,2,9,0,4,1,0,0,40,38,0
1076,40,2,182302,11,9,0,13,1,4,1,0,0,40,38,0
1077,51,2,241346,11,9,0,0,1,4,0,0,0,43,38,0
1078,50,2,157043,1,7,0,7,1,2,0,0,0,40,38,0
1079,25,2,404616,12,14,2,4,1,4,1,0,0,99,38,1
1080,20,2,411862,8,11,4,7,1,4,1,0,0,30,38,0
1081,47,2,183013,11,9,2,7,0,4,1,0,0,40,38,0
1082,22,2,188544,8,11,4,0,3,4,0,0,0,30,38,0
1083,50,5,356619,11,9,2,9,0,4,1,0,0,48,38,1
1084,47,2,45857,11,9,4,0,4,4,0,0,0,40,38,0
1085,24,1,289886,1,7,4,7,1,1,1,0,0,45,38,0
1086,40,2,216237,9,13,0,3,1,4,0,0,0,45,38,1
1087,36,2,416745,9,13,2,9,0,4,1,0,0,40,38,0
1088,32,2,202952,11,9,2,0,0,4,1,0,0,40,38,0
1089,44,2,167725,11,9,2,2,0,4,1,0,0,40,38,0
1090,59,0,43280,15,10,4,3,3,2,0,0,0,40,38,0
1091,65,2,118779,11,9,2,2,0,4,1,0,0,30,38,0
1092,24,5,191269,9,13,4,0,1,4,0,0,0,65,38,0
1093,27,1,247507,9,13,4,9,3,4,1,0,0,35,38,0
1094,51,2,239155,8,11,0,7,1,4,1,0,0,40,38,0
1095,48,2,182862,15,10,2,2,0,4,1,0,0,40,38,1
1096,39,2,33886,11,9,2,13,0,4,1,0,0,60,38,0
1097,28,2,444304,9,13,2,12,0,4,1,0,0,40,38,0
1098,19,2,187161,15,10,4,7,3,4,0,0,0,25,38,0
1099,49,1,116892,9,13,0,9,1,2,0,0,0,40,38,0
1100,51,1,176813,7,12,2,9,0,4,1,0,0,60,38,0
1101,59,2,151616,12,14,2,9,0,4,1,0,0,55,38,0
1102,18,2,240747,11,9,4,6,3,4,0,0,0,40,5,0
1103,45,0,320818,11,9,2,0,0,2,1,0,0,80,38,1
1104,30,1,235271,9,13,2,9,0,4,1,0,0,50,38,1
1105,37,2,166497,9,13,0,2,1,4,1,0,0,35,38,0
1106,44,2,344060,9,13,4,7,1,4,1,0,0,40,38,1
1107,33,2,221196,15,10,2,2,0,2,1,0,0,40,38,0
1108,61,3,113544,12,14,2,11,0,4,1,0,0,40,38,1
1109,61,1,321117,11,9,2,10,0,4,1,0,0,40,38,0
1110,38,2,79619,9,13,2,11,0,4,1,0,0,42,38,1
1111,36,2,135289,11,9,2,6,0,4,1,0,0,45,38,0
1112,44,3,320984,15,10,2,11,0,4,1,5178,0,60,38,1
1113,37,2,203070,15,10,5,0,3,4,1,0,0,62,38,0
1114,31,2,32406,15,10,0,2,4,4,0,0,0,20,38,0
1115,54,2,99185,10,16,2,9,0,4,1,15024,0,45,38,1
1116,20,2,205839,15,10,4,7,3,4,1,0,0,16,38,0
1117,48,4,243631,15,10,2,2,0,0,1,7688,0,40,38,1
1118,31,2,231263,9,13,0,3,1,4,1,4650,0,45,38,0
1119,38,2,200818,14,15,2,9,0,4,1,0,0,40,38,1
1120,45,4,247379,11,9,2,2,0,4,1,0,0,40,38,1
1121,48,2,349151,11,9,2,2,0,4,1,0,0,40,38,0
1122,53,2,22154,15,10,2,2,0,4,1,0,0,40,38,0
1123,55,2,176317,11,9,6,0,3,4,0,0,0,40,38,0
1124,29,2,236436,11,9,4,0,1,4,0,0,0,40,38,0
1125,36,2,354078,9,13,2,9,0,4,1,0,0,60,38,1
1126,42,4,166813,15,10,2,4,0,4,1,0,0,60,38,0
1127,50,2,358740,11,9,0,0,4,4,0,0,0,40,8,0
1128,75,4,208426,14,15,2,9,0,4,1,0,0,35,38,0
1129,46,2,265266,9,13,2,9,0,4,1,0,1902,40,38,1
1130,52,0,31838,11,9,0,0,4,4,0,0,0,40,38,0
1131,27,2,175034,9,13,4,0,1,4,0,0,0,40,38,0
1132,43,2,413297,11,9,2,2,0,4,1,0,0,45,38,0
1133,31,2,106347,1,7,5,7,1,2,0,0,0,42,38,0
1134,23,2,174754,15,10,4,11,1,4,0,0,0,30,38,0
1135,34,2,441454,11,9,4,11,1,4,0,0,0,24,38,0
1136,41,4,209344,11,9,2,11,2,4,0,0,0,40,4,0
1137,31,2,185732,11,9,4,7,3,4,0,0,0,30,38,0
1138,42,2,65372,15,10,4,0,3,4,0,0,0,40,38,0
1139,35,2,33975,12,14,4,9,1,4,1,0,0,45,38,1
1140,55,2,326297,11,9,5,0,1,4,0,0,0,25,38,0
1141,36,5,194630,11,9,6,3,1,4,0,0,0,40,38,0
1142,65,4,167414,11,9,2,3,0,4,1,0,0,59,38,1
1143,38,1,165799,15,10,4,7,1,4,1,0,0,12,38,0
1144,62,2,192866,15,10,6,7,1,4,0,0,0,20,38,0
1145,54,3,166459,14,15,2,9,0,4,1,99999,0,60,38,1
1146,49,2,148995,11,9,0,0,1,4,1,0,0,40,38,0
1147,34,2,190040,11,9,2,0,5,4,0,0,0,40,38,0
1148,32,2,209432,11,9,4,5,3,4,0,0,0,40,38,0
1149,51,3,229465,12,14,2,3,0,4,1,15024,0,50,38,1
1150,48,4,397466,15,10,2,3,0,4,1,0,0,60,38,0
1151,52,0,202452,11,9,0,0,1,4,0,0,0,43,38,0
1152,28,4,218555,15,10,4,13,1,4,1,0,1762,40,38,0
1153,29,2,128604,11,9,2,2,0,1,1,0,0,40,38,0
1154,38,2,65466,9,13,4,0,1,4,0,0,0,50,38,0
1155,57,2,141326,11,9,2,11,0,4,1,0,0,50,38,1
1156,43,0,369468,9,13,2,9,0,4,1,0,0,40,38,1
1157,37,5,136137,15,10,5,0,1,4,1,0,0,40,38,0
1158,30,2,236770,11,9,2,2,0,4,1,0,0,40,38,0
1159,53,2,89534,11,9,2,13,0,4,1,0,0,48,38,1
1160,73,2,29778,11,9,6,7,1,4,0,0,0,37,38,0
1161,22,3,153516,15,10,4,2,3,4,1,0,0,35,38,0
1162,31,2,163594,11,9,4,11,1,4,0,0,0,45,38,0
1163,38,2,189623,9,13,2,9,0,4,1,0,1887,40,38,1
1164,50,4,343748,15,10,2,2,0,4,1,0,0,35,38,0
1165,37,2,387430,15,10,2,0,0,4,1,0,0,37,38,0
1166,44,1,409505,9,13,0,10,1,4,1,0,0,40,38,0
1167,47,2,200734,9,13,4,3,4,2,0,0,0,45,38,0
1168,27,2,115831,15,10,2,7,0,4,1,0,0,40,38,0
1169,28,2,150296,7,12,4,7,1,4,0,0,0,80,38,0
1170,25,2,323545,11,9,4,12,1,2,0,0,0,40,38,0
1171,20,2,232577,15,10,4,7,4,4,0,0,0,40,38,0
1172,51,1,152754,9,13,2,0,0,4,1,0,0,40,38,1
1173,46,2,129007,9,13,2,11,0,4,1,0,1977,40,38,1
1174,67,2,171584,9,13,2,10,0,4,1,6514,0,7,38,1
1175,47,2,386136,11,9,2,13,0,4,1,0,0,35,38,0
1176,42,2,342865,11,9,2,11,0,4,1,0,0,40,38,0
1177,52,2,186785,11,9,4,11,1,4,1,0,1876,50,38,0
1178,42,0,158926,7,12,0,9,4,1,0,0,0,40,29,1
1179,21,2,164019,15,10,4,4,3,2,1,0,0,10,38,0
1180,50,2,88926,11,9,2,0,5,4,0,5178,0,40,38,1
1181,46,2,188861,15,10,2,13,0,4,1,0,0,40,38,0
1182,47,4,370119,9,13,2,11,0,4,1,15024,0,50,38,1
1183,57,2,182062,0,6,2,7,0,4,1,0,0,40,38,0
1184,37,2,37238,9,13,4,3,1,4,1,0,0,45,38,0
1185,50,2,421132,11,9,2,2,0,4,1,0,0,40,38,0
1186,63,4,795830,3,2,6,7,4,4,0,0,0,30,7,0
1187,39,2,278403,11,9,2,13,0,4,1,0,0,65,38,0
1188,46,2,279661,12,14,2,9,0,2,1,0,0,35,38,0
1189,36,2,113397,11,9,2,5,0,4,1,0,0,40,38,0
1190,26,2,280093,4,3,2,2,0,4,1,0,1628,50,38,0
1191,21,2,236696,15,10,4,7,1,4,1,0,0,57,38,0
1192,41,2,265266,7,12,2,12,0,4,1,0,0,40,38,0
1193,44,1,34935,15,10,4,7,3,2,1,0,0,40,38,0
1194,22,2,58222,11,9,2,2,0,4,1,0,0,40,38,0
1195,29,0,301010,15,10,4,1,1,2,1,0,0,60,38,0
1196,29,2,419721,11,9,4,7,4,2,0,0,0,40,23,0
1197,58,3,186791,15,10,2,13,5,4,0,0,0,40,38,1
1198,36,4,180686,14,15,2,9,0,4,1,0,0,50,38,0
1199,30,2,209103,8,11,2,3,0,4,1,0,0,48,38,0
1200,37,2,32668,9,13,2,6,0,4,1,0,0,43,38,1
1201,29,2,256956,8,11,4,6,1,4,1,0,0,40,38,0
1202,26,2,202203,4,3,4,0,3,4,0,0,0,40,25,0
1203,43,2,85995,11,9,2,11,0,4,1,0,0,45,38,0
1204,49,2,125421,11,9,2,2,5,4,0,0,0,40,38,1
1205,45,0,283037,9,13,2,3,0,4,1,0,0,40,38,0
1206,28,2,192932,9,13,4,9,1,4,0,0,0,40,38,0
1207,51,2,179646,11,9,0,0,4,4,0,0,0,40,38,0
1208,32,2,509350,15,10,2,5,0,4,1,0,0,50,1,1
1209,24,2,96279,11,9,4,6,3,4,0,0,0,40,38,0
1210,35,2,119098,10,16,2,9,0,4,1,7298,0,40,38,1
1211,41,5,144928,9,13,2,9,0,4,1,0,0,40,38,1
1212,48,2,55237,9,13,2,2,0,4,1,0,0,45,38,1
1213,61,1,101265,11,9,6,0,4,4,0,1471,0,35,38,0
1214,20,2,114874,15,10,4,0,3,4,1,0,0,30,38,0
1215,27,2,190525,11,9,4,11,1,4,1,0,0,50,38,1
1216,55,2,121912,15,10,2,13,0,4,1,0,0,24,38,1
1217,39,2,83893,11,9,2,0,0,4,1,0,0,40,38,1
1218,52,2,168381,11,9,6,7,4,1,0,0,0,40,18,1
1219,24,2,293579,11,9,4,11,3,2,0,0,0,20,38,0
1220,29,2,285290,1,7,4,7,4,2,0,0,0,40,38,0
1221,25,2,188488,11,9,4,6,2,4,1,0,0,40,38,0
1222,20,2,324469,15,10,4,6,1,4,0,0,0,40,38,0
1223,23,2,275244,11,9,4,6,1,2,1,0,0,35,38,0
1224,57,2,265099,14,15,2,9,0,4,1,0,0,60,38,0
1225,51,2,146767,8,11,2,9,0,4,1,0,0,40,38,1
1226,33,2,40681,15,10,4,9,1,4,0,3674,0,16,38,0
1227,39,2,174938,9,13,4,9,1,4,1,0,0,40,38,0
1228,40,2,240124,11,9,2,3,0,4,1,0,0,40,38,1
1229,71,2,269708,9,13,0,12,3,4,0,2329,0,16,38,0
1230,38,5,34180,15,10,2,3,0,4,1,0,0,40,38,0
1231,28,5,225904,14,15,4,9,4,4,1,0,0,40,38,0
1232,57,2,89392,12,14,3,9,1,4,0,0,0,40,38,0
1233,47,2,46857,15,10,0,0,1,4,1,0,0,40,38,0
1234,59,5,105363,11,9,4,0,3,4,1,0,0,40,38,0
1235,26,2,195105,11,9,4,11,1,3,1,0,0,40,38,0
1236,35,2,184117,9,13,4,0,3,4,0,0,0,40,38,0
1237,61,3,134768,9,13,2,3,0,4,1,0,0,50,10,1
1238,34,2,467108,15,10,4,9,1,4,1,0,0,50,38,1
1239,32,3,199765,9,13,2,2,0,4,1,7688,0,50,38,1
1240,42,2,173938,11,9,5,11,3,4,0,0,0,40,38,0
1241,39,2,191161,15,10,2,2,0,4,1,0,0,40,38,0
1242,58,2,132606,4,3,0,6,1,2,1,0,0,40,38,0
1243,61,4,30073,11,9,2,4,0,4,1,0,1848,60,38,1
1244,40,2,155190,0,6,4,2,2,2,1,0,0,55,38,0
1245,31,2,42900,9,13,4,12,1,4,1,0,0,37,38,0
1246,36,2,191161,11,9,4,11,1,4,1,0,0,50,38,0
1247,23,2,181820,15,10,4,6,3,4,1,0,0,40,38,0
1248,33,2,105974,11,9,4,2,1,4,1,0,0,41,38,0
1249,52,2,146378,11,9,2,2,0,4,1,0,0,40,38,1
1250,22,2,103440,11,9,4,7,1,4,0,0,0,24,38,0
1251,51,2,203435,15,10,0,11,4,4,0,0,0,40,21,0
1252,31,0,168312,8,11,4,3,1,4,0,0,0,40,38,0
1253,49,3,257764,11,9,0,3,4,4,0,0,0,40,38,0
1254,49,2,171301,11,9,2,6,5,2,0,0,0,40,38,0
1255,53,0,225339,15,10,6,0,1,2,0,0,0,40,38,0
1256,52,2,152234,11,9,2,3,0,1,1,99999,0,40,23,1
1257,20,2,444554,0,6,4,5,3,4,1,0,0,40,38,0
1258,26,2,403788,7,12,4,7,3,2,1,0,0,40,38,0
1259,43,2,221550,12,14,4,7,1,4,0,0,0,30,30,0
1260,46,3,98929,9,13,2,11,0,4,1,0,0,52,38,0
1261,43,1,169203,8,11,4,0,1,4,0,0,0,35,38,0
1262,41,2,102332,11,9,0,11,4,2,0,0,0,40,38,0
1263,44,4,230684,11,9,2,13,0,4,1,0,0,55,38,0
1264,54,2,449257,11,9,2,4,0,4,1,0,0,40,38,0
1265,65,2,198766,12,14,2,11,0,4,1,20051,0,40,38,1
1266,32,2,97429,9,13,0,3,4,4,0,0,0,40,1,0
1267,25,2,208999,15,10,5,0,3,4,1,0,0,40,38,0
1268,23,2,37072,9,13,4,11,1,4,1,0,0,50,38,0
1269,25,1,163101,9,13,4,9,1,4,1,0,0,45,38,0
1270,19,2,119075,15,10,4,5,3,4,1,0,0,50,38,0
1271,37,4,137314,11,9,2,3,0,4,1,0,0,60,38,0
1272,45,2,127303,15,10,4,6,3,4,1,0,0,45,38,0
1273,37,2,349116,11,9,4,11,1,2,1,0,0,44,38,0
1274,40,4,266324,15,10,0,3,2,4,1,0,1564,70,19,1
1275,17,2,46496,1,7,4,7,3,4,1,0,0,5,38,0
1276,27,2,29904,9,13,4,12,1,4,0,0,0,40,38,0
1277,59,2,226922,11,9,0,11,4,4,0,0,1762,30,38,0
1278,19,0,234151,11,9,4,0,4,2,0,0,0,40,38,0
1279,43,2,238287,0,6,4,6,1,2,1,0,0,40,38,0
1280,42,2,230624,0,6,4,13,4,4,1,0,0,40,38,1
1281,54,2,398212,11,9,2,13,0,2,1,5013,0,40,38,0
1282,54,4,114758,12,14,2,11,0,4,1,0,0,50,38,0
1283,51,2,246519,0,6,2,5,0,4,1,2105,0,45,38,0
1284,50,2,137815,11,9,2,13,0,4,1,0,0,60,38,1
1285,40,2,260696,11,9,4,0,1,4,0,0,0,40,38,0
1286,55,2,325007,7,12,2,12,0,4,1,0,0,25,38,0
1287,50,2,113176,11,9,0,0,1,4,0,0,0,40,38,0
1288,31,2,66815,11,9,2,2,0,4,1,0,0,50,38,0
1289,24,2,241523,11,9,2,7,0,4,1,0,0,45,38,1
1290,30,2,30226,1,7,0,11,3,4,1,0,0,40,38,0
1291,39,1,352628,7,12,2,2,5,4,0,0,0,50,38,1
1292,37,2,143912,11,9,0,13,1,4,1,0,0,50,38,0
1293,33,2,130021,11,9,2,13,0,4,1,0,0,40,38,0
1294,48,2,329778,11,9,6,7,4,4,0,0,0,40,38,0
1295,43,3,196945,11,9,2,7,0,1,1,0,0,78,36,0
1296,39,2,24342,9,13,2,9,0,4,1,0,0,40,38,1
1297,53,2,34368,15,10,2,3,0,4,1,0,0,45,38,1
1298,52,4,173839,0,6,2,3,0,4,1,0,0,60,38,0
1299,28,5,73211,15,10,2,0,0,1,1,0,0,20,38,0
1300,32,2,86723,11,9,4,7,1,4,1,0,0,52,38,0
1301,31,2,179186,9,13,2,11,0,2,1,0,0,90,38,1
1302,31,2,127610,9,13,2,9,5,4,0,0,0,40,38,1
1303,47,2,115070,15,10,4,0,1,4,0,0,0,40,38,0
1304,40,2,256202,8,11,2,5,0,2,1,0,0,40,38,0
1305,40,2,202872,7,12,4,0,3,4,0,0,0,45,38,0
1306,41,2,184102,1,7,0,7,1,4,1,0,0,40,38,0
1307,53,0,130703,11,9,2,0,0,2,1,0,0,40,38,0
1308,46,2,134727,1,7,0,6,4,0,1,0,0,43,10,0
1309,45,3,36228,9,13,2,4,0,4,1,4386,0,35,38,1
1310,39,2,297847,6,5,2,7,5,2,0,3411,0,34,38,0
1311,19,2,213644,11,9,4,6,1,4,1,0,0,40,38,0
1312,57,2,173796,11,9,2,13,0,4,1,0,1887,40,38,1
1313,49,2,147322,8,11,2,6,5,4,0,0,0,40,28,0
1314,59,2,296253,11,9,0,3,1,4,0,0,0,40,38,0
1315,32,2,180871,8,11,0,11,1,4,1,0,0,50,38,1
1316,35,5,211115,15,10,4,10,1,2,1,0,0,40,38,0
1317,58,3,183870,0,6,2,13,5,4,0,0,0,40,38,0
1318,28,2,441620,9,13,4,7,1,4,1,0,0,43,25,0
1319,36,0,218542,7,12,2,0,5,4,0,0,0,40,38,1
1320,41,4,141327,12,14,0,9,4,4,0,0,0,35,38,0
1321,47,2,67716,11,9,2,11,0,4,1,0,0,40,38,1
1322,50,3,175339,11,9,2,2,0,4,1,0,1672,60,38,0
1323,36,2,336595,11,9,2,3,0,4,1,0,0,50,38,1
1324,38,2,27997,8,11,0,2,1,4,1,0,0,40,38,0
1325,56,4,145574,11,9,2,7,0,4,1,0,1902,60,38,1
1326,50,2,30447,8,11,2,13,0,4,1,0,0,45,38,0
1327,45,4,256866,15,10,2,11,0,4,1,5013,0,40,38,0
1328,44,4,120837,11,9,2,3,0,4,1,0,0,66,38,0
1329,51,2,185283,15,10,2,3,0,4,1,0,0,45,38,1
1330,44,3,229466,15,10,2,3,0,4,1,0,0,50,38,1
1331,25,2,298225,11,9,0,2,1,4,1,0,0,50,38,0
1332,60,2,185749,1,7,6,13,4,2,1,0,0,40,38,0
1333,49,3,125892,12,14,2,3,0,4,1,0,0,50,38,1
1334,46,2,563883,11,9,2,2,0,2,1,0,0,60,38,1
1335,56,2,311249,11,9,6,0,4,2,0,0,0,38,38,0
1336,25,2,221757,11,9,0,2,1,4,1,3325,0,45,38,0
1337,22,2,310152,15,10,4,13,1,4,1,0,0,40,38,0
1338,41,3,94113,14,15,2,9,0,4,1,0,0,60,38,1
1339,48,3,192945,11,9,2,3,0,4,1,7688,0,40,38,1
1340,46,2,161508,0,6,4,6,1,2,1,0,0,40,38,0
1341,30,2,177675,15,10,4,2,1,4,1,0,0,40,38,1
1342,39,2,51100,11,9,2,13,0,4,1,0,0,40,38,1
1343,40,2,100584,0,6,0,2,1,0,1,0,0,40,38,0
1344,70,0,163003,11,9,2,0,0,2,1,0,0,40,38,0
1345,35,2,67728,15,10,2,2,0,4,1,0,2051,45,38,0
1346,49,2,101320,12,14,0,3,1,4,0,0,0,75,38,0
1347,24,2,42706,8,11,4,10,1,4,1,0,0,60,38,0
1348,40,2,228535,7,12,2,9,0,4,1,7298,0,36,38,1
1349,61,2,120939,14,15,2,13,0,4,1,0,0,5,38,1
1350,25,2,98283,9,13,4,9,3,1,1,0,0,40,38,0
1351,28,1,216481,9,13,4,9,1,4,0,0,0,40,38,0
1352,69,5,208869,12,14,2,9,0,4,1,0,0,11,38,0
1353,22,2,207940,15,10,4,5,3,4,0,0,0,36,38,0
1354,47,2,34248,11,9,2,0,0,4,1,0,0,38,38,0
1355,38,2,83727,11,9,0,7,4,4,0,0,0,48,38,0
1356,26,2,183077,8,11,4,0,3,4,0,0,0,40,38,0
1357,17,2,197850,1,7,4,0,3,1,0,0,0,24,38,0
1358,33,4,235271,15,10,4,7,1,4,1,0,0,35,38,0
1359,43,4,35236,11,9,3,2,1,4,1,0,0,40,38,0
1360,58,2,255822,8,11,2,2,0,4,1,0,0,40,38,1
1361,53,3,263925,11,9,2,11,0,4,1,99999,0,40,38,1
1362,26,2,256263,11,9,4,2,1,4,1,0,0,25,38,0
1363,43,1,293535,9,13,2,9,0,2,1,0,0,40,38,1
1364,31,2,209448,0,6,2,4,0,4,1,2105,0,40,25,0
1365,30,2,57651,11,9,4,0,4,4,1,0,2001,42,38,0
1366,25,2,174592,11,9,4,7,3,4,0,0,0,25,38,0
1367,57,0,278763,11,9,0,0,4,4,0,0,0,40,38,0
1368,37,2,175232,12,14,0,3,4,4,1,0,0,60,38,1
1369,32,2,402812,15,10,2,11,0,4,1,0,0,48,38,0
1370,26,2,101150,11,9,0,3,1,4,0,0,0,41,38,0
1371,45,2,103538,11,9,2,0,0,4,1,0,0,40,38,1
1372,53,5,156877,11,9,2,0,0,4,1,15024,0,35,38,1
1373,27,2,23940,11,9,4,5,2,0,1,0,0,40,38,0
1374,28,3,210295,1,7,2,2,0,4,1,0,0,50,38,1
1375,32,2,80058,1,7,0,11,1,4,1,0,0,43,38,1
1376,35,2,187119,9,13,0,11,1,4,0,0,1980,65,38,0
1377,36,4,105021,15,10,2,3,0,4,1,0,0,55,38,1
1378,19,2,225775,15,10,4,0,1,4,1,0,0,40,38,0
1379,37,3,395831,9,13,2,3,0,4,1,0,0,80,38,1
1380,49,2,50282,15,10,0,6,1,4,1,3325,0,45,38,0
1381,20,2,32732,15,10,4,7,1,4,1,0,0,45,38,0
1382,64,3,179436,9,13,2,3,0,4,1,15024,0,55,38,1
1383,32,2,123253,7,12,2,2,0,4,1,0,0,42,38,0
1384,58,5,48433,11,9,2,3,0,4,1,0,0,40,38,0
1385,42,2,245317,11,9,2,11,0,4,1,0,0,50,38,0
1386,20,2,431745,15,10,4,0,1,2,0,0,0,14,38,0
1387,42,5,436006,15,10,2,0,0,2,1,0,0,40,38,0
1388,25,2,224943,15,10,3,9,4,2,1,0,0,40,38,0
1389,30,4,167990,8,11,2,9,0,4,1,15024,0,65,38,1
1390,37,3,217054,9,13,2,9,0,4,1,0,0,35,38,1
1391,66,4,298834,8,11,2,9,0,4,1,0,0,50,38,0
1392,59,3,125000,9,13,2,3,0,4,1,0,0,40,8,1
1393,44,2,123983,9,13,0,7,1,1,1,0,0,40,2,0
1394,46,2,155489,11,9,2,0,0,4,1,0,0,58,38,1
1395,59,2,284834,9,13,2,0,5,4,0,2885,0,30,38,0
1396,25,2,212495,9,13,4,3,3,4,1,0,1340,40,38,0
1397,17,1,32124,6,5,4,7,3,2,1,0,0,9,38,0
1398,47,1,246891,9,13,2,10,0,4,1,0,0,40,38,0
1399,47,5,141483,6,5,0,7,1,4,0,0,0,40,38,0
1400,30,2,31985,15,10,0,3,4,4,0,0,0,40,38,0
1401,20,2,170800,15,10,4,4,3,4,0,0,0,40,38,0
1402,26,1,166295,9,13,4,9,1,4,1,0,2339,55,38,0
1403,20,2,231286,15,10,4,5,1,2,1,0,0,15,38,0
1404,33,2,159322,11,9,0,7,4,4,1,0,0,40,38,0
1405,48,2,176026,11,9,2,6,0,4,1,0,0,40,38,0
1406,52,2,118025,9,13,2,3,0,4,1,99999,0,50,38,1
1407,37,2,26898,11,9,0,3,4,4,0,0,0,12,38,0
1408,47,2,232628,11,9,2,2,0,2,1,0,0,40,38,0
1409,40,2,85995,0,6,2,6,0,4,1,0,0,40,38,1
1410,48,2,125421,12,14,0,3,4,4,0,0,0,40,38,1
1411,49,2,245305,0,6,2,13,0,2,1,0,0,42,38,1
1412,50,2,73493,15,10,0,7,1,4,0,0,0,40,38,0
1413,30,2,197058,7,12,4,9,1,4,0,0,0,40,38,0
1414,34,2,122116,15,10,2,3,0,4,1,0,0,40,38,0
1415,43,2,75742,11,9,2,6,0,4,1,0,0,40,38,0
1416,22,2,214731,0,6,2,6,5,4,0,0,0,40,38,0
1417,35,2,265954,11,9,5,7,1,2,1,0,0,40,38,0
1418,26,5,197156,11,9,0,0,3,4,0,0,0,30,38,0
1419,62,2,162245,14,15,2,9,0,4,1,0,1628,70,38,0
1420,39,1,203070,11,9,5,10,1,4,1,0,0,40,38,0
1421,59,1,165695,15,10,2,2,0,4,1,0,0,40,38,0
1422,27,2,168107,9,13,2,2,0,4,1,0,0,40,38,0
1423,17,2,163494,0,6,4,11,3,4,1,0,0,30,38,0
1424,38,2,180342,9,13,2,0,0,4,1,0,0,40,38,0
1425,41,2,122381,15,10,2,2,0,4,1,0,1887,50,38,1
1426,27,2,148069,0,6,4,6,4,4,0,0,0,40,38,0
1427,23,2,200973,11,9,4,0,3,4,0,0,0,40,38,0
1428,17,2,130806,0,6,4,5,3,4,1,0,0,24,38,0
1429,56,2,117148,5,4,0,6,1,4,0,0,0,40,38,0
1430,24,2,213977,15,10,4,0,1,4,0,0,0,40,38,0
1431,44,2,139338,2,8,0,13,4,2,1,0,0,40,38,0
1432,23,2,315877,9,13,4,0,1,4,1,0,0,30,38,0
1433,25,2,352057,11,9,4,13,1,4,1,0,0,65,38,0
1434,21,2,236684,15,10,4,7,2,2,0,0,0,8,38,0
1435,18,2,208447,2,8,4,5,3,4,1,0,0,6,38,0
1436,45,2,149640,15,10,2,2,0,4,1,0,0,40,38,0
1437,51,2,154342,5,4,2,10,0,4,1,0,0,40,38,0
1438,42,0,141459,11,9,5,7,2,2,0,0,0,40,38,0
1439,47,2,111797,15,10,4,7,1,2,0,0,0,35,27,0
1440,29,2,111900,15,10,2,4,0,4,1,0,0,40,38,0
1441,33,2,78707,1,7,4,7,1,2,1,0,0,40,38,0
1442,43,1,160574,9,13,2,2,0,4,1,0,0,40,38,0
1443,44,2,216907,7,12,2,2,0,4,1,0,1848,40,38,1
1444,24,2,198148,15,10,4,7,3,4,1,0,0,30,38,0
1445,19,2,124265,15,10,4,5,3,4,1,0,0,40,38,0
1446,52,2,208137,8,11,2,0,0,4,1,0,0,40,38,0
1447,38,4,257250,11,9,4,4,1,4,1,0,0,52,38,0
1448,24,5,147253,15,10,4,12,1,4,1,0,0,50,38,0
1449,32,1,244268,9,13,4,9,1,4,1,0,0,50,38,0
1450,26,2,266912,11,9,2,11,0,4,1,0,0,50,38,1
1451,29,2,200511,9,13,2,11,0,4,1,0,0,50,38,0
1452,39,2,128715,11,9,0,0,1,4,1,10520,0,40,38,1
1453,48,4,65535,11,9,2,4,0,4,1,0,0,50,38,0
1454,40,2,103395,15,10,2,2,0,4,1,0,0,45,38,1
1455,51,2,71046,15,10,0,3,4,4,1,0,0,45,33,0
1456,28,4,125442,11,9,0,2,3,4,1,0,0,40,38,0
1457,22,2,169188,11,9,4,3,3,4,0,0,0,20,38,0
1458,23,2,121471,9,13,4,0,1,4,0,0,0,40,38,0
1459,65,2,207281,15,10,2,10,0,4,1,0,0,16,38,0
1460,26,1,46097,9,13,2,9,0,4,1,0,0,40,38,0
1461,38,4,322143,9,13,2,7,0,4,1,0,0,10,38,0
1462,33,2,149184,11,9,4,9,1,4,1,0,0,60,38,1
1463,33,1,119829,11,9,2,0,5,4,0,0,0,60,38,0
1464,37,2,910398,9,13,4,11,1,2,0,0,0,40,38,0
1465,19,2,176570,1,7,4,6,3,4,1,0,0,60,38,0
1466,24,2,216129,9,13,4,11,1,4,1,0,0,50,38,0
1467,30,2,27207,1,7,2,2,0,4,1,0,0,45,38,0
1468,57,5,68830,11,9,0,3,1,4,0,0,0,50,38,0
1469,22,5,178818,15,10,4,9,3,4,0,0,0,20,38,0
1470,57,2,236944,11,9,2,6,0,2,1,0,0,40,38,1
1471,46,5,273771,11,9,2,12,0,4,1,0,0,40,38,0
1472,67,2,318533,11,9,2,0,0,4,1,0,0,35,38,0
1473,47,2,102318,11,9,5,2,3,4,1,0,0,40,38,0
1474,39,2,379350,0,6,2,2,0,4,1,0,0,40,38,0
1475,50,2,21095,15,10,0,7,4,1,1,0,0,40,29,0
1476,58,4,211547,2,8,0,11,1,4,0,0,0,52,38,0
1477,36,2,85272,7,12,2,9,5,4,0,0,0,30,38,1
1478,45,2,46406,12,14,2,9,0,4,1,0,0,36,8,1
1479,54,2,53833,11,9,2,6,0,4,1,0,0,40,38,1
1480,26,2,161007,9,13,4,0,3,4,1,0,0,30,38,0
1481,60,2,53707,11,9,2,9,0,4,1,0,0,40,38,1
1482,46,2,370119,14,15,2,9,0,4,1,99999,0,60,38,1
1483,26,2,310907,15,10,2,3,5,4,0,0,0,35,38,0
1484,32,2,375833,1,7,4,2,2,4,1,0,0,40,38,0
1485,38,1,107513,11,9,2,13,0,4,1,0,0,40,38,0
1486,48,4,58683,15,10,2,11,0,4,1,0,0,70,38,1
1487,44,4,179557,11,9,2,3,0,4,1,0,1977,45,38,1
1488,37,2,70240,11,9,4,7,3,1,0,0,0,40,29,0
1489,44,2,147206,15,10,2,3,0,4,1,0,0,40,38,0
1490,31,2,175548,11,9,4,7,1,3,0,0,0,35,38,0
1491,61,4,163174,14,15,2,9,0,4,1,0,0,35,38,1
1492,51,2,126010,11,9,2,2,0,4,1,0,0,40,38,0
1493,52,2,147876,9,13,2,11,5,4,0,15024,0,60,38,1
1494,45,2,428350,11,9,2,6,5,4,0,0,1740,40,38,0
1495,39,2,328466,1,7,2,7,0,4,1,2407,0,70,25,0
1496,67,1,258973,11,9,0,7,1,4,0,0,0,24,38,0
1497,40,5,345969,7,12,2,0,0,4,1,0,0,40,38,1
1498,27,2,127796,4,3,4,4,1,4,1,0,0,35,25,0
1499,37,2,405723,3,2,2,6,0,4,1,0,0,40,25,0
1500,57,2,175942,15,10,2,3,0,4,1,0,0,50,38,1
1501,27,2,284196,0,6,0,7,1,4,0,0,0,40,38,0
1502,28,2,89718,11,9,4,11,1,4,0,2202,0,48,38,0
1503,34,3,175761,9,13,2,9,0,4,1,0,0,60,38,1
1504,54,2,206369,11,9,2,6,0,4,1,5178,0,50,38,1
1505,52,2,158993,11,9,0,7,2,2,0,0,0,38,38,0
1506,42,2,285066,9,13,2,9,0,4,1,0,0,45,38,1
1507,48,2,126754,12,14,2,9,0,4,1,15024,0,40,38,1
